#CODE;ENGLISH;FRENCH;GERMAN;;SPANISH;;;;;;;;;x;;;
EVTDESC190042;The War of Independence has been won. I am free!;La Guerre d'Indépendance vient d'être remportée. Je suis libre!;Der Unabhängigkeitskrieg ist gewonnen worden. Ich bin frei!;The War of Independence has been won. I am free!;The War of Independence has been won. I am free!;;;;;;;x;;;;;
EVTOPTA190042;Excellent;Excellente proposition !;Wunderbar;Excellent;Excellent;;;;;;;x;;;;;
EVTDESC190043;Marriage event. You should not be seeing this.;Event Mariage. Vous ne devriez pas voir ceci.;Ehe-Ereignis. Sie sollten das nicht sehen;Marriage event. You should not be seeing this.;Marriage event. You should not be seeing this.;;;;;;;x;;;;;
EVTOPTA190043;Stop looking at the event!;Arrêtez de regardez les events!;Hören Sie auf, auf das Ereignis zu schauen!;Stop looking at the event!;Stop looking at the event!;;;;;;;x;;;;;
EVTTOOLTIP190043;A spouse will be found.;Une épouse va être trouvée. ;Ein Gatte wird gefunden.;A spouse will be found.;A spouse will be found.;;;;;;;x;;;;;
EVTDESC75114;[From.GetTitledFirstName] believed me when I told [From.GetHerHim] I had never even talked to the girl who accused me of raping her.;[From.GetTitledFirstName] m'a cru lorsque j'ai dit [From.GetHerHim] je n'ai jamais parlé à la fille qui m'a accusé de l'avoir violé.;[From.GetTitledFirstName] gluabte mir als ich [From.GetHerHim] erzählte, das Ich nie mit der Frau gespreochen habe die mich der Vergewaltigung beschuldigt hat.;[From.GetTitledFirstName] believed me when I told [From.GetHerHim] I had never even talked to the girl who accused me of raping her.;[From.GetTitledFirstName] believed me when I told [From.GetHerHim] I had never even talked to the girl who accused me of raping her.;;;;;;;x;;;;;
EVTOPTA75114;I got away with it;Je l'ai échappé belle;Ich kam damit davon …;I got away with it;I got away with it;;;;;;;x;;;;;
EVTDESC50027;This dank cell will be the death of me. I should ask [Root.Host.GetTitledFirstName] for better accomondations on account of my illness.;Celle cellule froide et humide va me tuer. Je devrais demander à [Root.Host.GetTitledFirstName] de meilleurs conditions de vie au regard de ma maladie.;Diese feuchte Zelle wird mein Tod sein. Ich sollte [Root.Host.GetTitledFirstName] nach einer besseren Unterkunft fragen, zumahl ich ja auch noch Krank bin.;This dank cell will be the death of me. I should ask [Root.Host.GetTitledFirstName] for better accomondations on account of my illness.;This dank cell will be the death of me. I should ask [Root.Host.GetTitledFirstName] for better accomondations on account of my illness.;;;;;;;x;;;;;
EVTDESC50028;My prisoner, [From.GetBestName], is clearly ill and is appealing for mercy and better accomondations so that [From.GetSheHe] may recover.;Mon prisonnier, [From.GetBestName], est clairement malade et il en appel à ma merci. Il m'implore de lui octroyer de meilleures conditions de vie pour qu'[From.GetSheHe] puisse recouvrir ses forces. ;Mein Gefangener, [From.GetBestName], ist ganz klar krank und bittet um Gnade einer besseren Unterkunft sodas [From.GetSheHe] genesen kann.;My prisoner, [From.GetBestName], is clearly ill and is appealing for mercy and better accomondations so that [From.GetSheHe] may recover.;My prisoner, [From.GetBestName], is clearly ill and is appealing for mercy and better accomondations so that [From.GetSheHe] may recover.;;;;;;;x;;;;;
EVTDESC190041;I have become strongly attached to the culture of [Root.Capital.GetName], dressing and speaking almost like a local.;Je suis devenu extrêmement attaché à la culture de [Root.Capital.GetName], je m'habille et parle presque comme un local.;Ich habe mich stark der [Root.Capital.GetName] Kultur angepaßt. Fast schon wie ein Einheimicher.;I have become strongly attached to the culture of [Root.Capital.GetName], dressing and speaking almost like a local.;I have become strongly attached to the culture of [Root.Capital.GetName], dressing and speaking almost like a local.;;;;;;;x;;;;;
EVTOPTA190041;I feel like a [Root.Capital.Culture.GetName];Je me sens comme un [Root.Capital.Culture.GetName];Ich fühle mich wie ein [Root.Capital.Culture.GetName];I feel like a [Root.Capital.Culture.GetName];I feel like a [Root.Capital.Culture.GetName];;;;;;;x;;;;;
EVTOPTB190041;It is a passing fancy;C'est une lubie;Es ist eine vorübergehende Fantasie;It is a passing fancy;It is a passing fancy;;;;;;;x;;;;;
EVTDESC190036;The absence of crown laws has forced me to change my demesne laws.;L'absence de lois de la Couronne m'a focé à changer les lois de mon domesne.;Die Abwesenheit der Krone-Gesetze hat mich gezwungen, meine Eigenbesitz-Gesetze zu ändern;The absence of crown laws has forced me to change my demesne laws.;The absence of crown laws has forced me to change my demesne laws.;;;;;;;x;;;;;
EVTOPTA190036;So be it;Donc soyez le;So soll es sein!;So be it;So be it;;;;;;;x;;;;;
EVTDESC190037;I have converted to the true faith.;Je me suis converti à la Vrai Foi.;Ich habe mich zum wahren Glauben bekannt.;I have converted to the true faith.;I have converted to the true faith.;;;;;;;x;;;;;
EVTOPTA190037;It was the will of God;C'était la volonté de Dieu;Es war der Wille Gottes.;It was the will of God;It was the will of God;;;;;;;x;;;;;
EVTDESC110017;I should grant my newly acquired Duchy to a worthy vassal;Je devrait octroyer mon nouveau Duché à un vassal digne de le posséder;Ich sollte mein kürzlich erworbenes Herzogtum einem würdigen Vasallen gewähren;I should grant my newly acquired Duchy to a worthy vassal;I should grant my newly acquired Duchy to a worthy vassal;;;;;;;x;;;;;
EVTOPTA110017;Who to give it to...;A qui le donner…;So genommen so …;Who to give it to...;Who to give it to...;;;;;;;x;;;;;
EVTOPTA50015;No big loss;Pas une grande perte;Kein großer Verlust;No big loss;No big loss;;;;;;;x;;;;;
EVTDESC190035;My dishonorable reputation has resulted in my heir being almost equally poorly regarded by others.;Ma réputation peu honorable a rejailli sur mon héritier, les autres ont la même opinion de lui que de moi…;Mein unehrenhafter Ruf ist auf meinen Erben übergegangen, wodurch sie nun auch im schlechten Licht darstehen.;My dishonorable reputation has resulted in my heir being almost equally poorly regarded by others.;My dishonorable reputation has resulted in my heir being almost equally poorly regarded by others.;;;;;;;x;;;;;
EVTOPTA190035;Unfortunate;Infortuné;Unglücklich;;;;;;;;;x;;;;;
EVTDESC200000;We started early, the sun had barely risen above the horizon. There was plenty of prey, the dogs caught many rabbits and I slayed one great boar before he killed my horse and myself.;Nous avons commencé tôt, le soleil venait à peine de percer l'horizon. Les proies abondaient, les chiens ont pris de nombreux lapins et j'ai occis un sanglier avant qu'il ne tue mon cheval et moi-même.  ;Wir fingen früh an, die Sonne hatte sich über dem Horizont kaum erhoben. Es gab viel Beute, die Hunde fingen viele Kaninchen und ich tötete ein großer Eber, bevor er mein Pferd und mich selbst tötete.;We started early, the sun had barely risen above the horizon. There was plenty of prey, the dogs caught many rabbits and I slayed one great boar before he killed my horse and myself.;We started early, the sun had barely risen above the horizon. There was plenty of prey, the dogs caught many rabbits and I slayed one great boar before he killed my horse and myself.;;;;;;;;;x;;;
EVTOPTA200000;I'm a hunter;Je suis un(e) chasseur(se);Ich bin ein Jäger;;I'm a hunter;;;;;;;;;x;;;
EVTDESC200001;The new bird is almost too perfect. I enjoy every hunt with her, and the cook has trouble finding new recipes for rabbit.;Le nouvel oiseau est presque trop parfait. J'éprouve une grande joie à chaque chasse avec lui et le cuisinier à du mal à trouver de nouveaux récipients pour conserver les lapins. ;Der neue Vogel ist fast zu vollkommen. Ich genieße jede Jagd mit ihr, und der Koch hat Schwierigkeiten, neue Rezepte für das Kaninchen zu finden.;;The new bird is almost too perfect. I enjoy every hunt with her, and the cook has trouble finding new recipes for rabbit.;;;;;;;;;x;;;
EVTOPTA200001;I'm a falconer;Je suis un(e) fauconnier(ière) ;Ich bin ein Falkner;;Soy un cetrero;;;;;;;;;x;;;
EVTDESC200002;I'm never happier than when I'm in my study, poring over some newly imported volume. Books are truly God's greatest gift to man.;Je ne suis jamais aussi heureux que lorsque je suis à mon étude, étudiant de près quelques nouveaux manuscrits importés. Les livres sont vraiment les plus cadeaux que Dieu à fait aux hommes.;Ich bin nie glücklicher wenn Ich über einem kürzlich importierten Buch brüte. Bücher sind wahrhaft das größte Geschenk  Gottes dem Allmächtigen;I'm never happier than when I'm in my study, poring over some newly imported volume. Books are truly God's greatest gift to man.;I'm never happier than when I'm in my study, poring over some newly imported volume. Books are truly God's greatest gift to man.;;;;;;;x;;;;;
EVTOPTA200002;I'm a scholar;Je suis un(e) lettré(e);Ich bin ein Schüler;I'm a scholar;I'm a scholar;;;;;;;x;;;;;
EVTDESC200003;I found the strange book collecting dust in a forgotten corner of the castle library. It took me several weeks of intense study before its mystery revealed itself to me. The gibberish parts was encoded and after many hours trying to decipher I managed to break it and construct a key to make it easier for me to read. Its mystery is still not solved...;J'ai trouvé ce livre poussiéreux dans un coin perdu de la bibliothèque du château. Cela m'a pris plusieurs semaines d'intenses études avant que je puisse percer son mystère. Les parties pleines de charabia étaient en réalité codées. Après maintes heures et tentatives pour les déchiffrer j'ai réussi à m'en défaire et à fabriquer une clé me permettant de lire plus facilement. Son mystère n'est toujours pas résolu....  ;Ich fand das fremde Buch, das Staub an einer vergessenen Ecke der Schlossbibliothek sammelt. Ich brauchte mehrere Wochen der intensiven Studie, bevor sein Mysterium sich zu mir offenbarte. Die Kauderwelsch-Teile wurden verschlüsselt und nach vielen Stunden versuchend zu entziffern ich schaffte, es zu brechen und einen Schlüssel zu bauen, es leichter für mich zu machen, zu lesen. Sein Mysterium wird noch immer nicht gelöst...;I found the strange book collecting dust in a forgotten corner of the castle library. It took me several weeks of intense study before its mystery revealed itself to me. The gibberish parts was encoded and after many hours trying to decipher I managed to break it and construct a key to make it easier for me to read. Its mystery is still not solved...;I found the strange book collecting dust in a forgotten corner of the castle library. It took me several weeks of intense study before its mystery revealed itself to me. The gibberish parts was encoded and after many hours trying to decipher I managed to break it and construct a key to make it easier for me to read. Its mystery is still not solved...;;;;;;;x;;;;;
EVTOPTA200003;I'm a mystic;Je suis un mystique;Ich bin ein Mystiker;I'm a mystic;I'm a mystic;;;;;;;x;;;;;
EVTDESC200004;My regular excursions into the dungeon have only served to whet my appetite. I have sent for a skilled torturer who will teach me more about the arts of pain.;Mes excursions régulières dans le donjon ont seulement servis à aiguiser mon appétit. J'ai envoyé chercher un bourreau talentueux qui m'en apprendra plus sur l'art de la douleur. ;Meine regelmäßigen Ausflüge in den Kerker haben nur meinem Verlangen nach mehr gedient. Ich habe nach einem Fachpeiniger geschickt, der mich mehr über die Künste des Schmerzes lehren wird.;;My regular excursions into the dungeon have only served to whet my appetite. I have sent for a skilled torturer who will teach me more about the arts of pain.;;;;;;;;;x;;;
EVTOPTA200004;I'm an impaler;Je suis un empaleur;Ich bin ein Pfähler;;I'm an impaler;;;;;;;;;x;;;
EVTDESC200005;My garden is the apple of my eye, my pride and joy. I distrust my gardener and would spend every hour of the day in my garden if I could.;Mon jardin est la prune de mes yeux, ma fierté et ma joie. Je me méfie de mon jardinier et passerais ma vie dans mon jardin si je pouvais.;Mein Garten ist wie mein Augapfel, mein Stolz und meine Heiterkeit. Ich misstraue meinem Gärtner und würde jede Stunde des Tages in meinem Garten verbringen, wenn ich könnte.;;My garden is the apple of my eye, my pride and joy. I distrust my gardener and would spend every hour of the day in my garden if I could.;;;;;;;;;x;;;
EVTOPTA200005;I'm a gardener;Je suis un jardinier;Ich bin ein Gärtner;;I'm a gardener;;;;;;;;;x;;;
EVTDESC200006;My modest attempts to write poetry were never meant to be published in any way, but wherever I go, bards and minstrels are reciting or singing my poems.;Mes modestes tentatives pour écrire de la poésies n'ont jamais été publiées, mais où que j'ailles, bardes et menestrels récitent mes poèmes.  ;Meine bescheidenen Versuche, Gedichte zu schreiben, waren nie dazu gedacht veröffentlicht zu werden, aber wohin auch immer ich gehe, rezitieren Barden und Minnesänger  meine Gedichte;;My modest attempts to write poetry were never meant to be published in any way, but wherever I go, bards and minstrels are reciting or singing my poems.;;;;;;;;;x;;;
EVTOPTA200006;I'm a poet;Je suis un poète;Ich bin ein Poet;;I'm a poet;;;;;;;;;x;;;
EVTDESC200007;After a long time of contemplation and soul-searching it feels as if I could bear to live in complete celibacy for the rest of my life.;Après un long moment de contemplation et de retour sur moi-même il semble que je puisse vivre dans un célibat complet jusqu'à la fin de mes jours.;Nach einer langen Zeit des Nachdenkens und der Gewissenserforschung fühlt es sich, als ob ich die Last des Zölibat den Rest meines Lebens ertragen könnte.;;After a long time of contemplation and soul-searching it feels as if I could bear to live in complete celibacy for the rest of my life.;;;;;;;;;x;;;
EVTOPTA200007;I'm celibate;Je suis célibataire;Ich lebe im Zölibat.;;I'm celibate;;;;;;;;;x;;;
EVTDESC200008;This lifestyle of utmost pleasure and joyous life suits me perfectly. This can be nothing but heaven.;Ce mode de vie plein de plaisirs extr^mes et et de joie de vivre me convient parfaitement. Ce ne peut être rien d'autre que le paradis.;Dieser Lebensstil aud purem Vergnügens und freudigen Lebens passt mir vollkommen. Das kann nur der Himmel sein.;;This lifestyle of utmost pleasure and joyous life suits me perfectly. This can be nothing but heaven.;;;;;;;;;x;;;
EVTOPTA200008;I'm a hedonist;Je suis un hédoniste;Ich bin ein Hedonist;;I'm a hedonist;;;;;;;;;x;;;
EVTDESC200009;The duel was close fought, but in the end I was victorious over my opponent. As I basked in the admiration of my peers, I knew that I had to do this again.;Le duel fut un combat serré et acharné, mais à la fin je parvint à triompher de mon adversaire. Après m'être enivré de l'admiration de mes pairs, j'ai su que je devais le refaire.;Das Duell war knapp erkämpft, aber schließlich war ich über meinen Gegner siegreich. Als ich mich in der Bewunderung unter meine Gleichen sonnte, wusste ich, dass ich das wieder tun musste.;The duel was close fought, but in the end I was victorious over my opponent. As I basked in the admiration of my peers, I knew that I had to do this again.;The duel was close fought, but in the end I was victorious over my opponent. As I basked in the admiration of my peers, I knew that I had to do this again.;;;;;;;x;;;;;
EVTOPTA200009;I'm a duelist;Je suis un duéliste;Ich bin ein Duellant;I'm a duelist;I'm a duelist;;;;;;;x;;;;;
EVTOPTD50002;Off with [From.GetPossPronoun] head!;Qu'on lui coupe sa tête!;Ab mit [From.GetPossPronoun] Kopf !;Off with [From.GetPossPronoun] head!;Off with [From.GetPossPronoun] head!;;;;;;;x;;;;;
EVTDESC50000;My friends have come up with a daring plan to break me out of prison. Do I dare to make the attempt?;Mes amis sont venus avec un plan audacieux pour me sortir de prison. Oserais-je faire une tentative? ;Meine Freunde haben einen mutigen Plan ersonnen, mich aus dem Gefängnis zu befreien. Wage ich, den Versuch ?;;My friends have come up with a daring plan to break me out of prison. Do I dare to make the attempt?;;;;;;;;;x;;;
EVTOPTA50000;It's too risky;C'est trop riqué. ;Es ist zu Riskant;;It's too risky;;;;;;;;;x;;;
EVTOPTB50000;Freedom is worth any risk;La Liberté vaut n'importe quel risque;Freiheit ist jedes Risiko wert !;;Freedom is worth any risk;;;;;;;;;x;;;
EVTDESC18700;Several Kingdoms in Europe are fighting to keep the pagans back and try to spread Christianity eastwards. The Livonian Order should assist them by offering to settle on their borders.;Plusieurs royaumes d’Europe combattent pour repousser les païens et tenter de propager le christianisme vers l’est. L’Ordre Teutonique devrait les assister en leur proposant de s’installer sur leur frontière.;Mehrere europäische Königreiche kämpfen gegen den Vormarsch der Heiden und versuchen, das Christentum in östlicher Richtung zu verbreiten. Der Deutsche Orden sollte sie unterstützen, indem er seine Ansiedlung an ihren Grenzen anbietet.;;Varios reinos de Europa luchan por detener a los paganos e intentan difundir el cristianismo hacia el este. La Orden Teutónica debería ayudarles permitiéndoles asentarse en sus fronteras.;;;;;;;;;x;;;
EVTOPTA18700;I will send an offer;Je vais envoyer une offre.;Ich werde ein Angebot schicken;;Enviaré una oferta;;;;;;;;;x;;;
EVTDESC18702;[From.GetTitledName] has graciously seceded the [Root.County.GetFullName] to us. The Livonian Order will now be able to effectively fight the heathens in this region.;[From.GetTitledName] nous a gracieusement cédé le(la) [Root.County.GetFullName]. L’ordre Teutonique va maintenant pouvoir combattre efficacement les païens dans cette région.;[From.GetTitledName] hat uns gnädigerweise die Grafschaft [Root.County.GetFullName] abgetreten. Jetzt kann der Deutsche Orden die Heiden dieser Region effizient bekämpfen.;;[From.GetTitledName] nos ha cedido cortésmente el [Root.County.GetFullName]. Ahora la Orden Teutónica podrá combatir con eficacia a los paganos de esta región.;;;;;;;;;x;;;
EVTNAME18703;The Livonian Order;L’ordre Teutonique;Der Deutsche Orden;;La Orden Teutónica;;;;;;;;;x;;;
EVTDESC18703;In an effort to defend [FromFrom.PrimaryTitle.GetName] against pagan attacks, [FromFrom.GetTitledFirstName] has granted the Livonian Order the [From.County.GetFullName]. This province has never been fully settled and many of the population are still heathens. This noble gesture could help protect the endangered frontier of [FromFrom.PrimaryTitle.GetName] as well as further the Holy War against pagans.;Pour défendre [FromFrom.PrimaryTitle.GetName] des attaques des païens, [FromFrom.GetTitledFirstName] a accordé le(la) [From.County.GetFullName] à l’ordre Teutonique. Cette province n’a jamais été totalement colonisée et la majeure partie de la population est encore composée de païens. Ce noble geste pourrait contribuer à protéger la frontière de [FromFrom.PrimaryTitle.GetName], actuellement en danger, afin de poursuivre la guerre sainte contre les païens.;Im Bestreben der Verteidigung von [FromFrom.PrimaryTitle.GetName] gegen heidnische Angriffe hat [FromFrom.GetTitledFirstName] dem Deutschen Orden die Grafschaft [From.County.GetFullName] gewährt. Diese Provinz wurde nie vollständig besiedelt, und die Bevölkerung ist größtenteils immer noch heidnisch. Diese noble Geste könnte dabei helfen, die gefährdete Grenze von [FromFrom.PrimaryTitle.GetName] zu schützen und den Heiligen Krieg gegen die Heiden voran zu treiben.;;En un esfuerzo por defender a [FromFrom.PrimaryTitle.GetName] contra los ataques paganos, [FromFrom.GetTitledFirstName] ha concedido a la Orden Teutónica el [From.County.GetFullName]. Esta provincia nunca se ha poblado completamente y muchos habitantes son aún paganos. Este noble gesto podría ayudar a proteger la frontera en peligro de [FromFrom.PrimaryTitle.GetName] además de reforzar la Guerra Santa contra los paganos.;;;;;;;;;x;;;
EVTDESC18701;To the Great [Root.GetTitledFirstName],\nYour wisdom and mercy are legendary. The Livonian Order wishes to assist you in your valiant struggle against the pagans. By transfering a border County to the order, we will be able to establish a local presence and fight these heathens.;À l’attention du(de la) Grand(e) [Root.GetTitledFirstName],\nVotre sagesse et votre miséricorde sont légendaires. L’ordre Teutonique souhaite vous aider dans votre vaillant combat contre les païens. Le transfert d’un comté frontalier à l’ordre nous permettra d’établir une présence locale et de combattre ces barbares.;Oh [Root.GetTitledFirstName],\nYEure Weisheit und Gnade sind legendär. Der Deutsche Orden möchte Euch bei Eurem heldenhaften Kampf gegen die Heiden unterstützen. Durch die Abtretung einer Grenzgrafschaft könnten wir eine lokale Präsenz etablieren und diese Ungläubigen bekämpfen.;;Al gran [Root.GetTitledFirstName],\nTu sabiduría y clemencia son legendarias. La Orden Teutónica desea ayudarte en tu valerosa lucha contra los paganos. Cediendo un condado fronterizo a la orden podremos establecer una presencia local y combatir a esos paganos.;;;;;;;;;x;;;
EVTDESC18720;The Livonian Order wishes to expand into the Baltics in order to better fight the heathens. To show my support, perhaps I should offer them a county of mine?;L'Ordre Teutonique souhaite s'établir dans la Baltique pour mieux combattre les païens. Afin de montrer mon soutien, je devrais peut-être leur offrir l'un de mes comtés ?;Der Teutonische Orden möchte in den Ostseeraum expandieren, um die Heiden besser bekämpfen zu können. Sollte ich ihnen vielleicht eine meiner Grafschaften anbieten, um ihnen meine Unterstützung zu zeigen? ;;La Orden Teutónica desea expandirse en el territorio Báltico a fin de combatir mejor a los paganos. Para mostrar mi apoyo, ¿debería quizás ofrecerle uno de mis condados?;;;;;;;;;x;;;
EVTOPTA18720;Their precense is most welcome;Leur présence est plus que bienvenue;Ihre Präsenz ist mehr als willkommen;;Su presencia es más que bienvenida;;;;;;;;;x;;;
EVTOPTB18720;I would never give away my land;Je ne donnerai jamais mes terres;Ich würde niemals mein Land weggeben;;Nunca daré una de mis tierras;;;;;;;;;x;;;
EVTDESC18721;My liege,\nI wish to support The Livonian Order by grating them a county, and seek your approval.\n\nYour humble vassal,\n[From.GetTitledName];Mon seigneur,\nJe souhaite soutenir l'Ordre Teutonique en leur donnant un comté, et je souhaite votre accord.\n\nVotre humble vassal,\n[From.GetTitledName];Mein Fürst,\nich möchte den Teutonischen Orden unterstützen, indem ich ihm eine Grafschaft übergebe, und hoffe auf Eure Zustimmung.\n\nEuer ergebener Vasall,\n[From.GetTitledName];;Mi señor,\ndeseo apoyar a la Orden Teutónica otorgándole un condado y solicito vuestra aprobación.\n\nVuestro humilde vasallo,\n[From.GetTitledName];;;;;;;;;x;;;
EVTOPTA18721;I better leave this decision to my liege;Je ferais mieux de laisser cette décision à mon seigneur;Ich überlasse diese Entscheidung lieber meinem Lehnsherrn;;Mejor dejo esta decisión a mi señor;;;;;;;;;x;;;
EVTOPTB18721;You have my blessing;Vous avez ma bénédiction;Ihr habt meinen Segen;;Tienes mi bendición;;;;;;;;;x;;;
EVTOPTC18721;No land is to be ceded;Aucune terre ne sera cédée;Kein Land soll abgetreten werden;;Ninguna tierra será cedida;;;;;;;;;x;;;
EVTDESC18722;My liege,\nMy vassal, [FromFrom.GetTitledName] wishes to support The Livonian Order by grating them a county. I would of course not allow such an important decision without first seeking your approval.\n\nYour humble vassal,\n[From.GetTitledName];Mon seigneur,\n[FromFrom.GetTitledName], mon vassal, souhaite soutenir l'Ordre Teutonique en leur donnant un comté. Il est évident que je ne prendrai pas une décision aussi importante sans venir chercher votre accord.\n\nVotre humble vassal,\n[From.GetTitledName];Mein Fürst,\nMein Vasall, [FromFrom.GetTitledName] möchte den Teutonischen Orden unterstützen, indem er ihm eine Grafschaft übergibt. Eine solch wichtige Entscheidung würde ich natürlich nicht gewähren, ohne zuerst Eure Zustimmung einzuholen.\n\nEuer ergebener Vasall,\n[From.GetTitledName];;Mi señor,\nMi vasallo [From.GetTitledName] desea apoyar a la Orden Teutónica otorgándole un condado. Por supuesto, jamás permitiría tan importante decisión sin solicitar primero su aprobación.\n\nSu humilde vasallo,\n[From.GetTitledName];;;;;;;;;x;;;
EVTOPTA18722;Excelent proposal!;Excellente proposition !;Hervorragender Vorschlag!;;¡Excelente proposición!;;;;;;;;;x;;;
EVTOPTB18722;I will not permit any ceding of land;Je ne permettrai aucune cession de terre;Ich werde keine Landabtretung gestatten;;No permitiré la cesión de ninguna tierra;;;;;;;;;x;;;
EVTDESC18723;Your generous offer of grating a county to The Livonian Order has met with my approval.\n[From.GetTitledName];Votre offre généreuse qui vise à donner un comté à l'Ordre Teutonique a ma bénédiction.\n[From.GetTitledName];Euer großzügiges Angebot, an den Teutonischen Orden eine Grafschaft abzutreten, findet meine Billigung.\n[From.GetTitledName];;Vuestra generosa oferta de otorgar un condado a la Orden Teutónica cuenta con mi aprobación.\n[From.GetTitledName] ;;;;;;;;;x;;;
EVTOPTA18723;Then so it shall be!;Qu'il en soit ainsi !;So soll es sein!;;¡Entonces que así sea!;;;;;;;;;x;;;
EVTDESC18724;I will not permit that you cede any territory to The Livonian Order!\n[From.GetTitledName];Je ne permettrai pas que vous cédiez une terre à l'Ordre Teutonique !\n[From.GetTitledName];Ich werde es nicht gestatten, dass Ihr irgendwelches Land an den Teutonischen Orden abtretet!\n[From.GetTitledName];;¡No permitiré que se ceda ningún territorio a la Orden Teutónica!\n[From.GetTitledName];;;;;;;;;x;;;
EVTOPTA18724;Then I will retract my offer;Je retirerai donc mon offre;Dann werde ich mein Angebot zurückziehen;;Entonces retiro mi oferta;;;;;;;;;x;;;
EVTDESC18725;To the Great [Root.GetTitledFirstName],\nYour bravery is legendary. I wish to support you in your valiant struggle against the heathens, and hereby offer to transfer a County to the order.\n\nSigned,\n[From.GetTitledName];Au Grand [Root.GetTitledFirstName],\nVotre bravoure est légendaire. Je souhaite vous soutenir dans votre valeureuse lutte contre les païens, et vous offre par la présente la cession d'un Comté à l'Ordre.\n\nSigné,\n[From.GetTitledName];An den Großen [Root.GetTitledFirstName],\nEure Tapferkeit ist legendär. Ich möchte Euch in Eurem tapferen Kampf gegen die Heiden unterstützen, und biete Eurem Orden hiermit eine Grafschaft an.\n\nGezeichnet,\n[From.GetTitledName];;Al gran [Root.GetTitledFirstName],\nVuestra valentía es legendaria. Deseo apoyaros en vuestra valiente campaña contra los paganos y por la presente os ofrezco un Condado para la orden.\n\nFirmado,\n[From.GetTitledName];;;;;;;;;x;;;
EVTDESC110000;It seems as though a great change has occured in my life.;Il semble qu'un grand chagement est arrivé dans ma vie.  ;Es scheint, als ob eine große Änderung in meinem Leben geschehen wird.;It seems as though a great change has occured in my life.;It seems as though a great change has occured in my life.;;;;;;;x;;;;;
EVTOPTA110000;I am in control of myself!;Je suis mon propre maître!;Ich habe mich voll unter Kontrolle;I am in control of myself!;I am in control of myself!;;;;;;;x;;;;;
EVTDESC110001;My changes to the crown authority of the Empire have now been fully implemented across the realm.;Le changement d'autorité de la Couronne de l'Empire que j'ai désiré est désormais pleinement mis en œuvres à travers le Royaume.;Meine Änderungen der Krone-Autorität  sind jetzt im ganzen Reich durchgeführt worden.;My changes to the crown authority of the Empire have now been fully implemented across the realm.;My changes to the crown authority of the Empire have now been fully implemented across the realm.;;;;;;;x;;;;;
EVTOPTA110001;Good;Bien;Gut;Good;Good;;;;;;;x;;;;;
EVTNAME39103;The Order of Santiago;L'Ordre de Santiago;Der Orden von Santiago;The Order of Santiago;The Order of Santiago;;;;;;;x;;;;;
EVTDESC39103;The Order of Santiago has been formed, sponsored by [ThePope.GetTitledFirstName] and the Kings of Spain. The Order of Santiago will serve any good Catholic ruler willing to pay for their upkeep. Being a religious order, they will not fight other Catholics.;L'Ordre de Santiago a été formé, soutenu par [ThePope.GetTitledFirstName] et le Roi d'Espagne. L'Ordre de Santiago servira tout bon souverain catholique voulant bien les entretenir. Etant un Ordre religieux, ils ne se battront pas contre d'autres catholiques.;Der Orden von Santiago wurde durch  [ThePope.GetTitledFirstName]  und die Könige Spaniens gegründet. Der Orden von Santiago wird jedem guten katholischen Herscher dienen, das bereit ist, für ihren Unterhalt zu zahlen. Eine religiöser Orden seiend, werden sie mit anderen Katholiken nicht kämpfen.;The Order of Santiago has been formed, sponsored by [ThePope.GetTitledFirstName] and the Kings of Spain. The Order of Santiago will serve any good Catholic ruler willing to pay for their upkeep. Being a religious order, they will not fight other Catholics.;The Order of Santiago has been formed, sponsored by [ThePope.GetTitledFirstName] and the Kings of Spain. The Order of Santiago will serve any good Catholic ruler willing to pay for their upkeep. Being a religious order, they will not fight other Catholics.;;;;;;;x;;;;;
EVTOPTA39103;Non Nobis Domine Sed Nomini Tuo Da Gloriam;Non Nobis Domine Sed Nomini Tuo Da Gloriam;Non Nobis Domine Sed Nomini Tuo Da Gloriam;Non Nobis Domine Sed Nomini Tuo Da Gloriam;Non Nobis Domine Sed Nomini Tuo Da Gloriam;;;;;;;x;;;;;
EVTNAME39104;The Livonian Order;L'Ordre Livonien;The Livonian Order;The Livonian Order;The Livonian Order;;;;;;;x;;;;;
EVTDESC39104;The Order of the Livonian Brothers of the Sword has been formed, sponsored by [ThePope.GetTitledFirstName] and the Holy Roman Emperor. The Livonian Order will serve any good Catholic ruler willing to pay for their upkeep. Being a religious order, they will not fight other Catholics.;L'Ordre des Livoniens, Portes Glaives ou encore Fréres de l'Epée a été formé, soutenu par [ThePope.GetTitledFirstName] et le Saint Empire Romain. L'Ordre Livonien servira tout bon souverain catholique voulant bien les entretenir. Etant un Ordre religieux, ils ne se battront pas contre d'autres catholiques.;Der Orden von Livonian wurde durch  [ThePope.GetTitledFirstName]  gegründet. Der Orden von Livonian wird jedem guten katholischen Herscher dienen, das bereit ist, für ihren Unterhalt zu zahlen. Eine religiöser Orden seiend, werden sie mit anderen Katholiken nicht kämpfen.;The Order of the Livonian Brothers of the Sword has been formed, sponsored by [ThePope.GetTitledFirstName] and the Holy Roman Emperor. The Livonian Order will serve any good Catholic ruler willing to pay for their upkeep. Being a religious order, they will not fight other Catholics.;The Order of the Livonian Brothers of the Sword has been formed, sponsored by [ThePope.GetTitledFirstName] and the Holy Roman Emperor. The Livonian Order will serve any good Catholic ruler willing to pay for their upkeep. Being a religious order, they will not fight other Catholics.;;;;;;;x;;;;;
EVTOPTA39104;Helfen, Wehren, Heilen;Helfen, Wehren, Heilen;Helfen, Wehren, Heilen;Helfen, Wehren, Heilen;Helfen, Wehren, Heilen;;;;;;;x;;;;;
EVTDESC110015;Holy Order Maintenance Event;Evènement sur la maintenance des Saints Ordres;Heiliger Orden Wartungsereigniss;Holy Order Maintenance Event;Holy Order Maintenance Event;;;;;;;x;;;;;
EVTOPTA110015;Ok;Ok;Einverstanden;Ok;Ok;;;;;;;x;;;;;
EVTDESC190000;I have been born!;Je suis né!;Ich wurde geboren.;I have been born!;I have been born!;;;;;;;x;;;;;
EVTOPTA190000;Ok;Ok;Einverstanden;Ok;Ok;;;;;;;x;;;;;
EVTDESC190001;The birth was a difficult one. Though the midwife tried her best, [Root.GetName] did not survive.;La naissance fut difficile. Bien que la sage-femme est tout tenté, [Root.GetName] n'a pas survécu.;Die Geburt war schwierig, die Hebammen taten alles wa sie konnten , dennoch starb [Root.GetName];;;;;;;;;x;;;;;
EVTOPTA190001;A tragedy;Une tragédie;Eine Tragödie;A tragedy;A tragedy;;;;;;;x;;;;;
EVTDESC190002;Will I survive my birth?;Survivrais-je à ma naissance?;Werde ich meine Geburt überleben?;Will I survive my birth?;Will I survive my birth?;;;;;;;x;;;;;
EVTOPTA190002;I sure hope so!;J'ai bon espoir que si!;Ich hoffe es sehr !;I sure hope so!;I sure hope so!;;;;;;;x;;;;;
EVTDESC190004;I have been excommunicated for the sin of dishonorable murder.;J'ai été excommunié pour le péché d'un meurtre déshonorant.;Ich bin für die Sünde des unehrenhaften Mords exkommuniziert worden.;I have been excommunicated for the sin of dishonorable murder.;I have been excommunicated for the sin of dishonorable murder.;;;;;;;x;;;;;
EVTOPTA190004;Curses!;Malédictions!;Flüche!;Curses!;Curses!;;;;;;;x;;;;;
EVTDESC190005;My liege is unable or unwilling to enforce my rightful claims...;Mon suzerain ne peut ou ne veut pas soutenir mes revendications légitimes...;Meins Lehnsherr ist außer Stande oder widerwillig, meine rechtmäßigen Ansprüche geltend zu machen...;My liege is unable or unwilling to enforce my rightful claims...;My liege is unable or unwilling to enforce my rightful claims...;;;;;;;x;;;;;
EVTOPTA190005;... so I will look for another!;... donc je vais en chercher un autre!;... deshalb werde mich nach einem neuen umsehen !;... so I will look for another!;... so I will look for another!;;;;;;;x;;;;;
EVTDESC190006;A courtier who has legitimate claims on one of my de jure vassals is requesting permission to move to my court. He obviously hopes that I will make use of his claims to expand my realm.;Un courtisan qui a des droits légitimes sur un de mes vassaux de jure requiert ma permission de rejoindre ma cour. Il espère apparemment que je vais utiliser ses droits pour agrandir mon royaume.;Ein Höfling, der legitime Ansprüche auf einem von meinem de jure Vasallen hat, bittet um Erlaubnis, an meinen Hof zu kommen. Er hofft offensichtlich, dass ich von seinen Ansprüchen Gebrauch machen werde, meinen Bereich auszubreiten.;;A courtier who has legitimate claims on one of my de jure vassals is requesting permission to move to my court. He obviously hopes that I will make use of his claims to expand my realm.;;A courtier who has legitimate claims on one of my de jure vassals is requesting permission to move to my court. He obviously hopes that I will make use of his claims to expand my realm.;;A courtier who has legitimate claims on one of my de jure vassals is requesting permission to move to my court. He obviously hopes that I will make use of his claims to expand my realm.;;;;;;;;x
EVTOPTA190006;He is welcome!;Il est le bienvenu!;Er ist willkommen;He is welcome!;He is welcome!;;;;;;;x;;;;;
EVTOPTA190006TOOLTIP;[This.GetFirstName] will pack his bags and move to your court;[This.GetFirstName] va réunir ses biens et rejoindre votre cour.;[This.GetFirstName] packt seine Sachen und kommt an den Hof;[This.GetFirstName] will pack his bags and move to your court;[This.GetFirstName] will pack his bags and move to your court;;;;;;;x;;;;;
EVTOPTB190006;No, I don't trust him;Non, je ne le crois pas;Nein, ich vertraue Ihm nicht !;No, I don't trust him;No, I don't trust him;;;;;;;x;;;;;
EVTOPTC190006;Opportunistic scoundrels are not welcome in my court;Les canailles opportunistes ne sont pas les bienvenues à ma cour;Opportunistische Schlingel sind in meinem Hof nicht willkommen;Opportunistic scoundrels are not welcome in my court;Opportunistic scoundrels are not welcome in my court;;;;;;;x;;;;;
EVTOPTC190006TOOLTIP;[From.GetFirstName] will not receive any further such requests;[From.GetFirstName] ne recevra pas davantage de demandes de cette nature;[From.GetFirstName] wird keine solcher Bitten mehr erhalten.;[From.GetFirstName] will not receive any further such requests;[From.GetFirstName] will not receive any further such requests;;;;;;;x;;;;;
EVTDESC190007;[From.GetFirstName] accepted my request to move to [From.GetHisHer] court.;[From.GetFirstName] a ccépté ma requête de rejoindre [From.GetHisHer]cour.;[From.GetFirstName] hat meinen Vorschlag angenommen und kommt an [From.GetHisHer] ´s Hof.;[From.GetFirstName] accepted my request to move to [From.GetHisHer] court.;[From.GetFirstName] accepted my request to move to [From.GetHisHer] court.;;;;;;;x;;;;;
EVTOPTA190007;I'm out of here!;Je ne suis pas là!;Ich bin hier raus !;I'm out of here!;I'm out of here!;;;;;;;x;;;;;
EVTDESC190008;[From.GetFirstName] has left my court to seek out a liege who he thinks will enforce his claims.;[From.GetFirstName] a quitté ma cour pour chercher un suzerain capable de soutenir ses revendications légitimes. ;[From.GetFirstName] hat meinen Hof verlassen und sucht sich einen neuen Lehnsherren der seine Ansprüche durchsetzt.;[From.GetFirstName] has left my court to seek out a liege who he thinks will enforce his claims.;[From.GetFirstName] has left my court to seek out a liege who he thinks will enforce his claims.;;;;;;;x;;;;;
EVTOPTA190008;He's a fool;C'est un imbécile;Ers ist ein Narr;He's a fool;He's a fool;;;;;;;x;;;;;
EVTDESC190009;[From.GetFirstName] called me an opportunistic scoundrel who is not welcome at [From.GetHisHer] court. All I wanted was the lands that are rightfully mine!;[From.GetFirstName] m'a traité de canaille opportuniste qui n'est pas le bienvenu à [From.GetHisHer] court. Tout ce que je voulais c'était les terres qui sont légalement miennes! ;[From.GetFirstName]hat mich einen Opportunistische Schlingel genannt und ist am hof von [From.GetHisHer] nicht wilkommen. Alles, was ich wollte, war die Länder, die rechtmäßig meinig sind!;[From.GetFirstName] called me an opportunistic scoundrel who is not welcome at [From.GetHisHer] court. All I wanted was the lands that are rightfully mine!;[From.GetFirstName] called me an opportunistic scoundrel who is not welcome at [From.GetHisHer] court. All I wanted was the lands that are rightfully mine!;;;;;;;x;;;;;
EVTOPTA190009;Why, [From.GetFirstName], why?!;Pourquoi, [From.GetFirstName], pourquoi?!;Warum, [From.GetFirstName], warum nur?!;Why, [From.GetFirstName], why?!;Why, [From.GetFirstName], why?!;;;;;;;x;;;;;
EVTDESC190020;A papal bull has arrived demanding the return of Holy Rome to the Papacy.;Une bulle papale est arrivée, elle demande le retour de la Sainte Rome à la Papauté. ;Ein päpstlicher Bulle ist angekommen, die Rückkehr des Heiligen Roms zum Papsttum fordert.;A papal bull has arrived demanding the return of Holy Rome to the Papacy.;A papal bull has arrived demanding the return of Holy Rome to the Papacy.;;;;;;;x;;;;;
EVTOPTA190020;Accept;Accepter;Akzeptiert;Accept;Accept;;;;;;;x;;;;;
EVTOPTB190020;Refuse;Refuser;Abgelehnt;Refuse;Refuse;;;;;;;x;;;;;
EVTDESC190031;Being known as a dishonorable murderer is causing me severe mentral stress. Can I really live with what I've done?;Être connu comme un meurtrier me cause un sévère stress. Puis-je réellement vivre avec ce que j'ai fais? ;Weil bekannt wurde das Ich ein unehrenhafter Mörder bin habe ich Mentale Probleme. Kann ich wirklich damit leben, was ich getan habe?;Being known as a dishonorable murderer is causing me severe mentral stress. Can I really live with what I've done?;Being known as a dishonorable murderer is causing me severe mentral stress. Can I really live with what I've done?;;;;;;;x;;;;;
EVTOPTA190031;The guilt weighs heavily on me;La culpabilité pèse lourdement sur mes épaules;Die Schuld lastet schwer auf mir;The guilt weighs heavily on me;The guilt weighs heavily on me;;;;;;;x;;;;;
EVTOPTB190031;I'm handling it just fine;Je me remet, tout va bien ;Ich mache mich ganz gut;I'm handling it just fine;I'm handling it just fine;;;;;;;x;;;;;
EVTOPTC190031;The guilt weighs heavily on me;La culpabilité pèse lourdement sur mes épaules;Die Schuld lastet schwer auf mir;The guilt weighs heavily on me;The guilt weighs heavily on me;;;;;;;x;;;;;
EVTOPTD190031;I have no regrets;Je n'ai aucuns regrets;Ich habe keine Reue;I have no regrets;I have no regrets;;;;;;;x;;;;;
EVTDESC190032;I was listening in on my courtiers' conversation when I heard one of them call me a murderer. They are clearly working with my enemies!;J'écoutais discrètement la conversation de mes courtisans lorsque j'ai entendu l'un d'eux me désigner comme un meurtrier. Il est clair qu'il travaillent pour mes ennemis! ;Ich hörte in einem Gespräch meiner Höflinge, das mich mich einer einen Mörder nannte. Sie arbeiten klar mit meinen Feinden!;I was listening in on my courtiers' conversation when I heard one of them call me a murderer. They are clearly working with my enemies!;I was listening in on my courtiers' conversation when I heard one of them call me a murderer. They are clearly working with my enemies!;;;;;;;x;;;;;
EVTOPTA190032;They must die! They must all die!;Ils doivent mourir! Ils doivent mourir! ;Sie müssen sterben, alle müssen sie sterben !;They must die! They must all die!;They must die! They must all die!;;;;;;;;x ;;;;
EVTDESC190033;How can I be crowned if I am not the Emperor?;Comment pourrais être couronné si je ne suis pas l'Empereur? ;Wie kann ich gekrönt werden, wenn ich nicht der Kaiser bin?;How can I be crowned if I am not the Emperor?;How can I be crowned if I am not the Emperor?;;;;;;;x;;;;;
EVTOPTA190033;That's silly!;C'est idiot!;Das ist töricht !;That's silly!;That's silly!;;;;;;;;x ;;;;
EVTDESC190034;The unfortunate death of one of my prisoners has given me a reputation for tyranny.;La malheureuse mort de la de mes prisonniers m'a donné une réputation de tyran. ;Der unglückliche Tod eines meiner Gefangenen hat mir den Ruf der Tyrannei eingebracht.;The unfortunate death of one of my prisoners has given me a reputation for tyranny.;The unfortunate death of one of my prisoners has given me a reputation for tyranny.;;;;;;;x;;;;;
EVTOPTA190034;That's unfair!;Ce n'est pas juste!;Das ist unfair !;That's unfair!;That's unfair!;;;;;;;;x ;;;;
EVTDESC190044;I have grown increasingly attached to [Root.Spouse.GetFirstName], and though our marriage was merely a practical arrangement I wonder if I have now come to love [Root.Spouse.GetHerHim].;Je suis de plus en plus attaché à [Root.Spouse.GetFirstName], et quoique notre marriage n'est été qu'un arrangement pratique je me demande si je n'en suis pas venu à aimer [Root.Spouse.GetHerHim].;Ich fühle mich immer mehr zu [Root.Spouse.GetFirstName] hingezogen,  und das obwohl unsere Ehre eher Zweckmäßig war bisher. Ich frage mich ob ich liebe gegenüber [Root.Spouse.GetHerHim] empfinde.;I have grown increasingly attached to [Root.Spouse.GetFirstName], and though our marriage was merely a practical arrangement I wonder if I have now come to love [Root.Spouse.GetHerHim].;I have grown increasingly attached to [Root.Spouse.GetFirstName], and though our marriage was merely a practical arrangement I wonder if I have now come to love [Root.Spouse.GetHerHim].;;;;;;;;x ;;;;
EVTOPTA190044;This is a marriage of love;C'est un mariage d'amour;Das ist eine Ehe der Liebe;This is a marriage of love;This is a marriage of love;;;;;;;;x ;;;;
EVTOPTB190044;But all the other girls!;Mais toutes les autres filles!;Aber all die anderen Mädchen!;But all the other girls!;But all the other girls!;;;;;;;;x ;;;;
EVTOPTC190044;But all the other boys!;Mais tous les autres garçons!;Aber all die anderen Jungen !;But all the other boys!;But all the other boys!;;;;;;;;x ;;;;
EVTDESC190045;As I was sleeping, [From.GetTitledFirstName] broke into my bedchamber and put a dagger to my throat. I was forced out into the courtyard, where [From.GetHerHis] co-conspirators were waiting on fast horses. [From.GetTitledFirstName] now has me locked up in the basement of [From.GetHerHis] manor and is demanding that I give [From.GetHerHim] the land [From.GetSheHe] considers rightfully [From.GetHerHis]. If I refuse, [From.GetSheHe] is threatening to kill me...;Alors que je dormais, [From.GetTitledFirstName] a pénétré dans ma chambre et m'a mis une dague sous la gorge. J'ai été conduit jusque dans la cour, où [From.GetHerHis] co-conspirateurs attendaient sur des montures fraîches. [From.GetTitledFirstName] m'a désormais enfermé au sous-sol de [From.GetHerHis] manoir et m'a demandé de lui donner la terre qu'[From.GetSheHe] consièdre comme son droit légitime.Si je refuse, [From.GetSheHe] m'a menacé de me tuer...;Während ich schlief brach [From.GetTitledFirstName] in mein Kammer ein und setze mir einen Dolch an die Kehle. Ich wurde in den Innenhof gebracht wo bereits [From.GetHerHis] Mitverschwörer mit schnelle Pferden warteten. [From.GetTitledFirstName] kerkerte mich im Verlies von [From.GetHerHis] ein und verlangte das ich [From.GetHerHim] die Ländereien von [From.GetHerHim] an [From.GetSheHe] übergeben die rechtmäßig [From.GetHerHis] gehören. Wenn ich mich weigere droht [From.GetSheHe] mich zu töten.;As I was sleeping, [From.GetTitledFirstName] broke into my bedchamber and put a dagger to my throat. I was forced out into the courtyard, where [From.GetHerHis] co-conspirators were waiting on fast horses. [From.GetTitledFirstName] now has me locked up in the basement of [From.GetHerHis] manor and is demanding that I give [From.GetHerHim] the land [From.GetSheHe] considers rightfully [From.GetHerHis]. If I refuse, [From.GetSheHe] is threatening to kill me...;As I was sleeping, [From.GetTitledFirstName] broke into my bedchamber and put a dagger to my throat. I was forced out into the courtyard, where [From.GetHerHis] co-conspirators were waiting on fast horses. [From.GetTitledFirstName] now has me locked up in the basement of [From.GetHerHis] manor and is demanding that I give [From.GetHerHim] the land [From.GetSheHe] considers rightfully [From.GetHerHis].;;;;;;;x;;;;;
EVTOPTA190045;Take the land, just don't kill me!;Prend ces terres, ne me tue pas!;Nim mein Land , aber töte mich nicht !;Take the land, just don't kill me!;Take the land, just don't kill me!;;;;;;;x;;;;;
EVTOPTB190045;I do not give in to threats;Je ne cède pas aux menaces;Ich gebe Drohungen nicht nach;I do not give in to threats;I do not give in to threats;;;;;;;x;;;;;
EVTTOOLTIP190045;The kidnapping succeeds;L'enlèvement est un succès;Das Kidnapping ist erfolgreich;The kidnapping succeeds;The kidnapping succeeds;;;;;;;x;;;;;
EVTDESC190046;My guards caught [From.GetTitledFirstName] just as [From.GetSheHe] was about to break into my bedchamber, dagger in hand. Under interrogation, [From.GetSheHe] has confessed to planning to kidnap me to force me to give [From.GetHerHim] lands and a title.;Mes gardent ont attrapé [From.GetTitledFirstName] juste au moment où [From.GetSheHe] allait pénétrer dans ma chambre, dague à la main. Sous la question,[From.GetSheHe] a confessé son projet de m'enlever pour me forcer à lui donner des terres et un titre. ;Meine Wachen schnappten [From.GetTitledFirstName] gerade als [From.GetSheHe]  versuchte in meine Gemächer einzudringen. Mit einem Dolch in der Hand !. Im Verhör gstand  [From.GetSheHe] das er plante mich zu kidnapen um mich zu zwingen Ländereien und Titel an [From.GetHerHim] zu geben.;My guards caught [From.GetTitledFirstName] just as [From.GetSheHe] was about to break into my bedchamber, dagger in hand. Under interrogation, [From.GetSheHe] has confessed to planning to kidnap me to force me to give [From.GetHerHim] lands and a title.;My guards caught [From.GetTitledFirstName] just as [From.GetSheHe] was about to break into my bedchamber, dagger in hand. Under interrogation, [From.GetSheHe] has confessed to planning to kidnap me to force me to give [From.GetHerHim] lands and a title.;;;;;;;x;;;;;
EVTOPTA190046;Let [From.GetHerHim] rot in jail;Laissez [From.GetHerHim] pourrir dans les geôles;Laßt [From.GetHerHim] im Kerker verrecken !;Let [From.GetHerHim] rot in jail;Let [From.GetHerHim] rot in jail;;;;;;;x;;;;;
EVTOPTB190046;The punishment for treason is death!;La punition pour la trahison est la mort!;Die Strafe für den Verrat ist Tod!;The punishment for treason is death!;The punishment for treason is death!;;;;;;;x;;;;;
EVTOPTC190046;I will forgive [From.GetHerHim]... this time.;Je vais pardonner [From.GetHerHim]... Pour cette fois.;Ich vergebe [From.GetHerHim]... Diesmal !;I will forgive [From.GetHerHim]... this time.;I will forgive [From.GetHerHim]... this time.;;;;;;;x;;;;;
EVTTOOLTIP190046;The kidnapping fails;L'enlèvement est un échec;Das Kidnapping scheitert;The kidnapping fails;The kidnapping fails;;;;;;;x;;;;;
EVTDESC190047;For too long, our hereditary rights to our lands have been denied. The time has come to [From.GetObjective]! Submit to this demand peacefully or face the consequences. Rest assure that I have gathered others who are equally upset...\n\nSigned,\n[From.GetTitledName];Depuis trop longtemps, nos droits héréditaires sur nos terres ont été déniés. Le temps est venu de [From.GetObjective]! Soumettez vous à cette demande pacifique où subissez en les conséquences. Soyez assuré que j'ai réunis d'autres mécontents...\n\nSigné,\n[From.GetTitledName];Für zu lang sind unsere erblichen Rechte auf unsere Länder bestritten worden. Die Zeit  zu [From.GetObjective] ist gekommen! Gehorchen Sie dieser Nachfrage friedlich oder stehen Sie den Folgen gegenüber. Ich versichere, dass ich andere gesammelt habe, die ebenso aufgebracht sind...\n\nSigned,\n[From.GetTitledName];;For too long, our hereditary rights to our lands have been denied. The time has come to [From.GetObjective]! Submit to this demand peacefully or face the consequences. Rest assure that I have gathered others who are equally upset...\n\nSigned,\n[From.GetTitledName];;;;;;;;;x;;;
EVTDESC190049;Rather than risking civil war tearing the realm apart, I have decided to give in to your demand and institute hereditary titles. But this treacherous act of blackmail will not be forgotten...\n\nSigned,\n[From.GetTitledName];Plutôt que de risquer une guerre civile qui déchirerait le Royaume, j'ai décidé d'accéder à votre demande et d'instituer les tites héréditaires. Mais ce chantage et cet acte de tratrise ne seront pas oubliés...\n\nSigné,\n[From.GetTitledName];Anstatt Bürgerkrieg zu riskieren, der das Reich zerstört, habe ich mich dafür entschieden, Ihrer Nachfrage nachzugeben und erbliche Titel zu errichten. Aber diese tückische Tat der Erpressung wird nicht vergessen....\n\nSigned,\n[From.GetTitledName];;Rather than risking civil war tearing the realm apart, I have decided to give in to your demand and institute hereditary titles. But this treacherous act of blackmail will not be forgotten...\n\nSigned,\n[From.GetTitledName];;;;;;;;;x;;;
EVTDESC190051;Your shameful attempt of blackmail has not succeeded. No matter how many corrupted souls you have enticed to help carry out your plan I will not give in without a fight. My right to appoint vassals will not be compromised!\n\nSigned,\n[From.GetTitledName];Votre honteuse tentative de chantage n'a pas fonctionné. peu importe combien d'âmes corrompues vous avez séduit pour mettre en oeuvre votre plan je ne vais pas vous céder sans combattre. Mon droit de fieffer des vassaux ne sera pas compromis! \n\nSigné,\n[From.GetTitledName];Ihr schändlicher Versuch der Erpressung ist nicht erfolgreich gewesen. Egal wie viele verdorbene Seelen, die Sie gelockt haben, um zu helfen, Ihren Plan auszuführen, den ich ohne einen Kampf nicht einreichen werde. Mein Recht, Vasallen zu ernennen, wird nicht in Verlegenheit gebracht!\n\nSigned,\n[From.GetTitledName];;Your shameful attempt of blackmail has not succeeded. No matter how many corrupted souls you have enticed to help carry out your plan I will not give in without a fight. My right to appoint vassals will not be compromised!\n\nSigned,\n[From.GetTitledName];;;;;;;;;x;;;
EVTDESC220000;My liege has broken the vassal contract. I am now independent.;Mon suzerain a rompu le contrat vassalique. Je suis désormais indépendant(e). ;Mein Lehnsherr hat den Vasall-Vertrag gebrochen. Ich bin jetzt unabhängig.;My liege has broken the vassal contract. I am now independent.;My liege has broken the vassal contract. I am now independent.;;;;;;;;x;;;;
EVTOPTA220000;How dare he!;Comment osez vous!;Wie kann er nur !;How dare he!;How dare he!;;;;;;;;x;;;;
EVTDESC220001;My liege has revoked my Honorary Title.;Mon suzerain a révoqué mon Titre Honorifique. ;Mein Lehnsherr hat meinen Ehrentitel widerrufen.;My liege has revoked my Honorary Title.;My liege has revoked my Honorary Title.;;;;;;;;x;;;;
EVTOPTA220001;Outrageous!;C'est outrageant!;Unerhört!;Outrageous!;Outrageous!;;;;;;;;x;;;;
EVTDESC220002;My liege has revoked my Honorary Title.;Mon suzerain a révoqué mon Titre Honorifique. ;Mein Lehnsherr hat meinen Ehrentitel widerrufen.;My liege has revoked my Honorary Title.;My liege has revoked my Honorary Title.;;;;;;;;x;;;;
EVTOPTA220002;About time;Il était temps;Wurde auch zeit;About time;About time;;;;;;;;x;;;;
EVTDESC220003;I have become unable to carry out my duties as a Concubine.;Je suis devenu incpable de remplir mes devoirs de concubine. ;Ich bin außer Stande geworden, meine Aufgaben als eine Konkubine auszuführen.;I have become unable to carry out my duties as a Concubine.;I have become unable to carry out my duties as a Concubine.;;;;;;;;x;;;;
EVTOPTA220003;Ok;Ok;Einverstanden;Ok;Ok;;;;;;;;x;;;;
EVTDESC220004;I am pregnant with my liege's child.;Je suis enceinte du fils de mon suzerain.;Ich bin Schwanger mit meines Lehnsherren Kind;I am pregnant with my liege's child.;I am pregnant with my liege's child.;;;;;;;;x;;;;
EVTOPTA220004;Ok;Ok;Einverstanden;Ok;Ok;;;;;;;;x;;;;
EVTDESC220005;My concubine, [From.GetFirstName], is pregnant child with my child.;Ma concubine, [From.GetFirstName], est enceinte de mon fils.;Meine Konkubine, [From.GetFirstName], ist schwanger mit meinem Kind !;My concubine, [From.GetFirstName], is pregnant child with my child.;My concubine, [From.GetFirstName], is pregnant child with my child.;;;;;;;;x;;;;
EVTDESC190052;Some of my claims have expired.;Certaines de mes revendications ne sont plus valables;Einige meiner Ansprüche sind abgelaufen.;Some of my claims have expired.;Some of my claims have expired.;;;;;;;x;;;;;
EVTDESC190053;I have been granted sanction to fight the enemies of the [Root.Religion.GetName] faith!;J'ai obtenu l'autorisation de combattre les ennemis de la foi [Root.Religion.GetName] !;Mir ist Sanktion gewährt worden, um die Feinde des [Root.Religion.GetName] zu bekämpfen!;I have been granted sanction to fight the enemies of the [Root.Religion.GetName] faith!;I have been granted sanction to fight the enemies of the [Root.Religion.GetName] faith!;;;;;;;x;;;;;
EVTOPTA190053;Good!;Bien!;Sehr Gut !;Good!;Good!;;;;;;;x;;;;;
EVTDESC190054;My request for sanction to fight against the enemies of the [Root.Religion.GetName] faith was denied.;Ma demande d'autorisation pour combattre les ennemis du [Root.Religion.GetName] a été rejetée.;Meine Bitte die Feinde der [Root.Religion.GetName] zu bekämpfen wurde abgelehnt.;My request for sanction to fight against the enemies of the [Root.Religion.GetName] faith was denied.;My request for sanction to fight against the enemies of the [Root.Religion.GetName] faith was denied.;;;;;;;x;;;;;
EVTOPTA190054;Damnation!;Malédiction!;Verdammung!;Damnation!;Damnation!;;;;;;;x;;;;;
EVTDESC190058;The death of the ruler has brought about certain changes in court.;La mort du seigneur a provoqué certains changements à la Cour;Der Tod des Herscheres hat bestimmte Änderungen im Gericht verursacht.;The death of the ruler has brought about certain changes in court.;The death of the ruler has brought about certain changes in court.;;;;;;;x;;;;;
EVTOPTA190058;Ok;D'accord;Einverstanden;Ok;Ok;;;;;;;;x;;;;
EVTDESC210000;To [Root.GetTitledFirstName] from [From.GetTitledFirstName].\n\nThe tyranny and nefariousness of [Root.Liege.GetTitledFirstName] has forced my hand. I can no longer stand idly by as our rights and traditions are scorned. I ask that you join me in my righteous war to depose [Root.Liege.GetTitledFirstName] and restore order and good rule to the [Root.Liege.PrimaryTitle.GetFullName].;De [Root.GetTitledFirstName] à [From.GetTitledFirstName]. La tyrannie et l'abomination de [Root.Liege.GetTitledFirstName] m'a forcé la main. Je ne peux rester oisif alors que nos droits et traditions sont dédaignées. Je vous demande de me rejoindre dans ma guerre pour déposer [Root.Liege.GetTitledFirstName] et restaurer l'ordre ainsi que le bon gouvernement en [Root.Liege.PrimaryTitle.GetFullName].;To [Root.GetTitledFirstName] from [From.GetTitledFirstName].\n\nThe tyranny and nefariousness of [Root.Liege.GetTitledFirstName] has forced my hand. I can no longer stand idly by as our rights and traditions are scorned. I ask that you join me in my righteous war to depose [Root.Liege.GetTitledFirstName] and restore order and good rule to the [Root.Liege.PrimaryTitle.GetFullName].;To [Root.GetTitledFirstName] from [From.GetTitledFirstName].\n\nThe tyranny and nefariousness of [Root.Liege.GetTitledFirstName] has forced my hand. I can no longer stand idly by as our rights and traditions are scorned. I ask that you join me in my righteous war to depose [Root.Liege.GetTitledFirstName] and restore order and good rule to the [Root.Liege.PrimaryTitle.GetFullName].;To [Root.GetTitledFirstName] from [From.GetTitledFirstName].\n\nThe tyranny and nefariousness of [Root.Liege.GetTitledFirstName] has forced my hand. I can no longer stand idly by as our rights and traditions are scorned. I ask that you join me in my righteous war to depose [Root.Liege.GetTitledFirstName] and restore order and good rule to the [Root.Liege.PrimaryTitle.GetFullName].;;;;;;;x;;;;;
EVTOPTA210000;I will join the revolt;Je vais rejoindre la révolte;Ich werde mich der Revolte anschließen;I will join the revolt;I will join the revolt;;;;;;;;x;;;;
EVTOPTB210000;I must stand by my liege;Je me doit de rester avec mon suzerain;Ich muss meinem Lehnsherrns treu bleiben;I must stand by my liege;I must stand by my liege;;;;;;;;x;;;;
EVTDESC210001;To [Root.GetTitledFirstName] from [From.GetTitledFirstName].\n\nThis is a formal declaration of WAR. Our armies shall meet on the field of battle!;De [Root.GetTitledFirstName] à [From.GetTitledFirstName]. Ceci est une déclaration de GUERRE. Nos armées se rencontreront sur le champs de bataille! ;An [Root.GetTitledFirstName] von [From.GetTitledFirstName]. Dies ist eine formelle Kriegerklärung !;;To [Root.GetTitledFirstName] from [From.GetTitledFirstName].\n\nThis is a formal declaration of WAR. Our armies shall meet on the field of battle!;;;;;;;;;x;;;
EVTOPTA210001;Ok;D'accord;Einverstanden;Ok;Ok;;;;;;;;x;;;;
EVTDESC210002;To [Root.GetTitledFirstName] from [From.GetTitledFirstName].\n\nOf course I will join in your righteous war. Together we will overthrow the tyrant!;De [Root.GetTitledFirstName] à [From.GetTitledFirstName]. Bien sûr je vais vous rejoindre dans votre juste guerre. Ensemble nous allons renverser le tyran! ;An [Root.GetTitledFirstName] von [From.GetTitledFirstName]. Natürlich werde ich euerem Krieg beistehen !;To [Root.GetTitledFirstName] from [From.GetTitledFirstName].\n\nOf course I will join in your righteous war. Together we will overthrow the tyrant!;To [Root.GetTitledFirstName] from [From.GetTitledFirstName].\n\nOf course I will join in your righteous war. Together we will overthrow the tyrant!;;;;;;;x;;;;;
EVTOPTA210002;Ok;D'accord;Einverstanden;Ok;Ok;;;;;;;;x;;;;
EVTDESC190059;Blessed Rome has been returned to us!;La Sainte Rome nous est revenue!;Das heilige Rom ist zu uns zurückgegeben worden!;Blessed Rome has been returned to us!;Blessed Rome has been returned to us!;;;;;;;;x;;;;
EVTOPTA190059;Ok;D'accord;Einverstanden;Ok;Ok;;;;;;;;x;;;;
EVTDESC220007;I have been dismissed from my post as Castellan;J'ai été renvoyé de mon poste de Châtelain;Ich bin von meinem Posten als Castellan entlassen worden;I have been dismissed from my post as Castellan;I have been dismissed from my post as Castellan;;;;;;;;x;;;;
EVTOPTA220007;Accept the dismissal;Accepter le renvoi;Akzeptieren Sie die Entlassung;Accept the dismissal;Accept the dismissal;;;;;;;;x;;;;
EVTOPTB220007;Revolt!;Revolte!;Revolte!;Revolt!;Revolt!;;;;;;;;x;;;;
EVTDESC220008;Death of Castellan;Mort du Châtelain;Tot des Castelan;Death of Castellan;Death of Castellan;;;;;;;;x;;;;
EVTOPTA220008;Ok;D'accord;Einverstanden;Ok;Ok;;;;;;;;x;;;;
EVTDESC220009;Castellan Dismissed Due to Inheritance;Le Châtelain a été renvoyé  en raison de la succession;Castellan Entlassen wegen des Erbes;Castellan Dismissed Due to Inheritance;Castellan Dismissed Due to Inheritance;;;;;;;;x;;;;
EVTOPTA220009;Ok;D'accord;Einverstanden;Ok;Ok;;;;;;;;x;;;;
EVTDESC220011;[Root.GetName] is being governed by a Castellan.;[Root.GetName] est gouverné par un Châtelain;[Root.GetName] wird durch einen Castelangeregelt.;[Root.GetName] is being governed by a Castellan.;[Root.GetName] is being governed by a Castellan.;;;;;;;;x;;;;
EVTOPTA220011;Ok;D'accord;Einverstanden;Ok;Ok;;;;;;;;x;;;;
EVTDESC220012;[Root.GetName] is no longer being governed by a Castellan.;[Root.GetName] n'est plus gouverné par un Châtelain.;[Root.GetName] wird durch einen Castelan nicht mehr geregelt.;[Root.GetName] is no longer being governed by a Castellan.;[Root.GetName] is no longer being governed by a Castellan.;;;;;;;;x;;;;
EVTOPTA220012;Ok;D'accord;Einverstanden;Ok;Ok;;;;;;;;x;;;;
EVTDESC190060;The Regency has ended.;La Régence a pris fin;The Regency has ended.;The Regency has ended.;The Regency has ended.;;;;;;;;x;;;;
EVTOPTA190060;Ok;D'accord;Einverstanden;Ok;Ok;;;;;;;;x;;;;
EVTDESC190061;The Crusade was a great success, but to whom shall I grant the lands I have gained?;La Croisade fut un grand succès, mais à qui accorderais-je les pays que j'ai obtenu? ;The Crusade was a great success, but to whom shall I grant the lands I have gained?;The Crusade was a great success, but to whom shall I grant the lands I have gained?;The Crusade was a great success, but to whom shall I grant the lands I have gained?;;;;;;;;x;;;;
EVTOPTA190061;To my son;A mon fils;To my son;To my son;To my son;;;;;;;;x;;;;
EVTOPTC190061;To a capable relative;To a capable relative;To a capable relative;To a capable relative;To a capable relative;;;;;;;;x;;;;
EVTOPTD190061;To myself;A moi-même;To myself;To myself;To myself;;;;;;;;x;;;;
EVTOPTE190061;To my brother;A mon frère;To my brother;To my brother;To my brother;;;;;;;;x;;;;
EVTDESC190062;A claim on a title has been discovered!;Une revendication sur un titre a été découvert!;A claim on a title has been discovered!;A claim on a title has been discovered!;A claim on a title has been discovered!;;;;;;;;x;;;;
EVTOPTA190062;Ok;D'accord;Einverstanden;Ok;Ok;;;;;;;;x;;;;
EVTDESC190064;The abdication of the previous ruler have brought an end to the revolts.;L'abdication du souverain précédent a mis fin aux révoltes. ;The abdication of the previous ruler have brought an end to the revolts.;The abdication of the previous ruler have brought an end to the revolts.;The abdication of the previous ruler have brought an end to the revolts.;;;;;;;;x;;;;
EVTOPTA190064;Ok;D'accord;Einverstanden;Ok;Ok;;;;;;;;x;;;;
EVTDESC190066;It's a beautiful day outside!;C'est une belle journée à l'extérieur!;It's a beautiful day outside!;It's a beautiful day outside!;It's a beautiful day outside!;;;;;;;;x;;;;
EVTOPTA190066;Go out and play;Go out and play;Go out and play;Go out and play;Go out and play;;;;;;;;x;;;;
EVTOPTB190066;Stay in and study;Stay in and study;Stay in and study;Stay in and study;Stay in and study;;;;;;;;x;;;;
EVTDESC190067;A Regent is now ruling my realm.;Un Régent gouverne désormais mon royaume;A Regent is now ruling my realm.;A Regent is now ruling my realm.;A Regent is now ruling my realm.;;;;;;;;x;;;;
EVTOPTA190067;Ok;D'accord;Einverstanden;Ok;Ok;;;;;;;;x;;;;
EVTDESC4300;This year's summer fair was a great success! The merchants and traders drawn to [Root.Capital.GetName] have revitalized the province's economy.;La foire d'été de cette année a été un grand succès! Les marchands et commerçants venus à [Root.Capital.GetName] ont revitalisé l'économie de la province.;This year's summer fair was a great success! The merchants and traders drawn to [Root.Capital.GetName] have revitalized the province's economy.;;;;;;;;x;;;;;;
EVTOPTA4300;Ok;D'accord;Einverstanden;Ok;Ok;;;;;;;;x;;;;
EVTDESC6600;My wound has become infected and gangrenous. The surgeon says that the limb must be removed if I am to survive.;Ma blessure a commencé à s'infecter et à se gangréner. Le chirugien sit que le membre doit être emputé si je veux survivre. ;My wound has become infected and gangrenous. The surgeon says that the limb must be removed if I am to survive.;My wound has become infected and gangrenous. The surgeon says that the limb must be removed if I am to survive.;My wound has become infected and gangrenous. The surgeon says that the limb must be removed if I am to survive.;;;;;;;;x;;;;
EVTOPTA6600;Argh, the pain!;Argh, la douleur!;Argh, the pain!;Argh, the pain!;Argh, the pain!;;;;;;;;x;;;;
EVTOPTC38230;I'm sure [From.GetSheHe] won't go too far.;Je suis qu'[From.GetSheHe] n'ira pas trop loin. ;I'm sure [From.GetSheHe] won't go too far.;I'm sure [From.GetSheHe] won't go too far.;I'm sure [From.GetSheHe] won't go too far.;;;;;;;;x;;;;
EVTDESC1059000;Inadequate soil preparation in [Root.GetName].;Préparation du sol inadéquate en [Root.GetName].;Inadequate soil preparation in [Root.GetName].;Inadequate soil preparation in [Root.GetName].;Inadequate soil preparation in [Root.GetName].;;;;;;;;x;;;;
EVTDESC1059001;Poor seed selection hurts farming in [Root.GetName].;L'insuffisante sélection des graines pénalise l'agriculture en [Root.GetName].;Poor seed selection hurts farming in [Root.GetName].;Poor seed selection hurts farming in [Root.GetName].;Poor seed selection hurts farming in [Root.GetName].;;;;;;;;x;;;;
EVTDESC1059002;Lack of manure hurts farming in [Root.GetName].;Le manque d'homme pénalise l'agriculture en [Root.GetName].;Lack of manure hurts farming in [Root.GetName].;Lack of manure hurts farming in [Root.GetName].;Lack of manure hurts farming in [Root.GetName].;;;;;;;;x;;;;
EVTDESC1059003;Lower mean temperature hurts farming in [Root.GetName].;Les températures très froides pénalise l'agriculture en [Root.GetName].;Lower mean temperature hurts farming in [Root.GetName].;Lower mean temperature hurts farming in [Root.GetName].;Lower mean temperature hurts farming in [Root.GetName].;;;;;;;;x;;;;
EVTDESC1059004;Arable land deserted in [Root.GetName].;Les terres arables ont été déserté en [Root.GetName].;Arable land deserted in [Root.GetName].;Arable land deserted in [Root.GetName].;Arable land deserted in [Root.GetName].;;;;;;;;x;;;;
EVTDESC1059005;Draining of marshes and fens in [Root.GetName].;Drainage de marais en [Root.GetName].;Draining of marshes and fens in [Root.GetName].;Draining of marshes and fens in [Root.GetName].;Draining of marshes and fens in [Root.GetName].;;;;;;;;x;;;;
EVTDESC1059006;Resettlement on newly claimed land in [Root.GetName].;Repeuplement de terres nouvellement revendiquées en [Root.GetName].;Resettlement on newly claimed land in [Root.GetName].;Resettlement on newly claimed land in [Root.GetName].;Resettlement on newly claimed land in [Root.GetName].;;;;;;;;x;;;;
EVTDESC1059007;Increased land productivity in [Root.GetName].;Croissance de la production des terres en [Root.GetName].;Increased land productivity in [Root.GetName].;Increased land productivity in [Root.GetName].;Increased land productivity in [Root.GetName].;;;;;;;;x;;;;
EVTNAME1059008;Pillaging;Pillaging;Pillaging;Pillaging;Pillaging;;;;;;;;x;;;;
EVTDESC1059008;Sieges could drag on for months and even years, and the besieging troops had to forage the countryside for supplies. These foraging parties could sometimes devolve into looting and outright vandalism. This was the case in [Root.Location.GetName], where our troops have have pillaged and torched one of the province's buildings.;Sieges could drag on for months and even years, and the besieging troops had to forage the countryside for supplies. These foraging parties could sometimes devolve into looting and outright vandalism. This was the case in [Root.Location.GetName], where our troops have have pillaged and torched one of the province's buildings.;Sieges could drag on for months and even years, and the besieging troops had to forage the countryside for supplies. These foraging parties could sometimes devolve into looting and outright vandalism. This was the case in [Root.Location.GetName], where our troops have have pillaged and torched one of the province's buildings.;Sieges could drag on for months and even years, and the besieging troops had to forage the countryside for supplies. These foraging parties could sometimes devolve into looting and outright vandalism. This was the case in [Root.Location.GetName], where our troops have have pillaged and torched one of the province's buildings.;Sieges could drag on for months and even years, and the besieging troops had to forage the countryside for supplies. These foraging parties could sometimes devolve into looting and outright vandalism. This was the case in [Root.Location.GetName], where our troops have have pillaged and torched one of the province's buildings.;;;;;;;;x;;;;
EVTOPTA1059008;It can't be helped;It can't be helped;It can't be helped;It can't be helped;It can't be helped;;;;;;;;x;;;;
EVTTOOLTIP1000025003;A building goes up in flames;A building goes up in flames;A building goes up in flames;A building goes up in flames;A building goes up in flames;;;;;;;;x;;;;
EVTTOOLTIP1059009;A building goes up in flames;A building goes up in flames;A building goes up in flames;A building goes up in flames;A building goes up in flames;;;;;;;;x;;;;
EVTDESC1059009;The besieging troops have destroyed a building in [From.Location.GetName]!;Les troupes de l'assiégeants ont détruit un bâtiment en [From.Location.GetName]!;The besieging troops have destroyed a building in [From.Location.GetName]!;The besieging troops have destroyed a building in [From.Location.GetName]!;The besieging troops have destroyed a building in [From.Location.GetName]!;;;;;;;;x;;;;
EVTOPTA1059009;Bastards!;Bâtards!;Bastards!;Bastards!;Bastards!;;;;;;;;x;;;;
EVTDESC1100000;To [Root.GetTitledFirstName] from [From.GetTitledFirstName].\n\nThe [From.PrimaryTitle.GetFullName] is being attacked by heathens bent on conquering all [Root.Religion.GetName] lands. I ask that you put aside our differences and aid me in defending the true faith against these faithless villains.;A [Root.GetTitledFirstName] de [From.GetTitledFirstName].\n\nLe [From.PrimaryTitle.GetFullName] est attaqué par des païens désirant conquérir toute les terres [Root.Religion.GetName]. Je vous demande de mettre de côtés nos différents et de me rejoindre dans la défense de la vrais fois contre ces barbares incrédules.;To [Root.GetTitledFirstName] from [From.GetTitledFirstName].\n\nThe [From.PrimaryTitle.GetFullName] is being attacked by heathens bent on conquering all [Root.Religion.GetName] lands. I ask that you put aside our differences and aid me in defending the true faith against these faithless villains.;To [Root.GetTitledFirstName] from [From.GetTitledFirstName].\n\nThe [From.PrimaryTitle.GetFullName] is being attacked by heathens bent on conquering all [Root.Religion.GetName] lands. I ask that you put aside our differences and aid me in defending the true faith against these faithless villains.;To [Root.GetTitledFirstName] from [From.GetTitledFirstName].\n\nThe [From.PrimaryTitle.GetFullName] is being attacked by heathens bent on conquering all [Root.Religion.GetName] lands. I ask that you put aside our differences and aid me in defending the true faith against these faithless villains.;To [Root.GetTitledFirstName] from [From.GetTitledFirstName].\n\nThe [From.PrimaryTitle.GetFullName] is being attacked by heathens bent on conquering all [Root.Religion.GetName] lands. I ask that you put aside our differences and aid me in defending the true faith against these faithless villains.;;;;;;;;x;;;
EVTOPTA1100000;Of course I will help!;Bien sûr que je vais aider!;Of course I will help!;Of course I will help!;Of course I will help!;;;;;;;;x;;;;
EVTOPTB1100000;No, [From.GetSheHe] is on [From.GetHerHis] own.;Non, [From.GetSheHe] est tout seul.;No, [From.GetSheHe] is on [From.GetHerHis] own.;No, [From.GetSheHe] is on [From.GetHerHis] own.;[From.GetSheHe] is on [From.GetHerHis] own.;;;;;;;;x;;;;
EVTDESC1100001;Í am being attacked by enemies of the [Root.Religion.GetName] faith. Should I ask my neighbours to help defend my lands?;Je suis attaqué par les ennemis de la foi [Root.Religion.GetName]. Devrais-je demander à mes voisins de m'aider à défendre mes terres?;Í am being attacked by enemies of the [Root.Religion.GetName] faith. Should I ask my neighbours to help defend my lands?;Í am being attacked by enemies of the [Root.Religion.GetName] faith. Should I ask my neighbours to help defend my lands?;Í am being attacked by enemies of the [Root.Religion.GetName] faith. Should I ask my neighbours to help defend my lands?;Í am being attacked by enemies of the [Root.Religion.GetName] faith. Should I ask my neighbours to help defend my lands?;;;;;;;;x;;;
EVTOPTA1100001;Yes, all help is welcome.;Oui, toute aide est utile. ;Yes, all help is welcome.;Yes, all help is welcome.;Yes, all help is welcome.;;;;;;;;x;;;;
EVTOPTB1100001;No, the glory will be mine alone.;Non, la gloire ne sera qu'à moi.;No, the glory will be mine alone.;No, the glory will be mine alone.;No, the glory will be mine alone.;;;;;;;;x;;;;
EVTDESC1100002;To [Root.GetTitledFirstName] from [From.GetTitledFirstName].\n\nOf course I will join you in defending the [Root.PrimaryTitle.GetFullName] against these wicked heathens. Together we will drive them from your realm in the name of the [Root.Religion.GetName] faith!;A [Root.GetTitledFirstName] de [From.GetTitledFirstName].\n\nBien sûr que je vais vous rejoindre dans la défense de [Root.PrimaryTitle.GetFullName] contre ces mauvais païens. Ensemble nous allons les bouter hors de votre Royaume au nom de la foi [Root.Religion.GetName]!;To [Root.GetTitledFirstName] from [From.GetTitledFirstName].\n\nOf course I will join you in defending the [Root.PrimaryTitle.GetFullName] against these wicked heathens. Together we will drive them from your realm in the name of the [Root.Religion.GetName] faith!;To [Root.GetTitledFirstName] from [From.GetTitledFirstName].\n\nOf course I will join you in defending the [Root.PrimaryTitle.GetFullName] against these wicked heathens. Together we will drive them from your realm in the name of the [Root.Religion.GetName] faith!;To [Root.GetTitledFirstName] from [From.GetTitledFirstName].\n\nOf course I will join you in defending the [Root.PrimaryTitle.GetFullName] against these wicked heathens. Together we will drive them from your realm in the name of the [Root.Religion.GetName] faith!;;;;;;;;x;;;;
EVTTOOLTIP1100000;Will be asked to join your defensive wars.;Va recevoir une demande pour rejoindre vos guerres défensives.;Will be asked to join your defensive wars.;Will be asked to join your defensive wars.;Will be asked to join your defensive wars.;;;;;;;;x;;;;
EVTTOOLTIP1100001;Will ask [This.GetHerHis] neighbours of the same faith to defend [This.GetHerHim].;Va demander à ses voisins de la même de le défendre. ;Will ask [This.GetHerHis] neighbours of the same faith to defend [This.GetHerHim].;Will ask [This.GetHerHis] neighbours of the same faith to defend [This.GetHerHim].;Will ask [This.GetHerHis] neighbours of the same faith to defend [This.GetHerHim].;;;;;;;;x;;;;
EVTTOOLTIP452;I will go to [This.GetFirstName]'s chamber;Je vais me rendre dans la chambre de [This.GetFirstName].;Ich werde zu [This.GetFirstName]s Kammer gehen;;Iré a los aposentos de la [This.GetFirstName];;;;;;;;;x;;;
EVTDESC454;[From.GetFirstName] has spurned my subtle advances.;[From.GetFirstName] a repoussé mes subtiles avances.;[From.GetFirstName] hat meine subtilen Annäherungen verschmäht.;;[From.GetFirstName] ha rechazado mis sutiles insinuaciones.;;;;;;;;;x;;;
EVTOPTA454;How could [From.GetSheHe] resist my charms?;How could [From.GetSheHe] resist my charms?;How could [From.GetSheHe] resist my charms?;;How could [From.GetSheHe] resist my charms?;;;;;;;;;x;;;
EVTDESC453;I went to [From.GetFirstName]'s chamber and gave [From.GetHerHim] a good tumble!;Je me suis introduit dans la chambre de [From.GetFirstName] et l'ai culbuté!;I went to [From.GetFirstName]'s chamber and gave [From.GetHerHim] a good tumble!;;I went to [From.GetFirstName]'s chamber and gave [From.GetHerHim] a good tumble!;;;;;;;;;x;;;
EVTDESC190068;Perhaps I should grant an honorary title to one of my vassals...;Perhaps I should grant an honorary title to one of my vassals...;Perhaps I should grant an honorary title to one of my vassals...;Perhaps I should grant an honorary title to one of my vassals...;Perhaps I should grant an honorary title to one of my vassals...;;;;;;;;x;;;;
EVTDESC190069;My standing with my peers has increased!;My standing with my peers has increased!;My standing with my peers has increased!;My standing with my peers has increased!;My standing with my peers has increased!;;;;;;;;x;;;;
EVTDESC190070;My scholarship and piousness has earned me respect from the [Root.Religion.GetName] priesthood. The moral authority of the [Root.Religion.GetName] faith has been strengthened.;My scholarship and piousness has earned me respect from the [Root.Religion.GetName] priesthood. The moral authority of the [Root.Religion.GetName] faith has been strengthened.;My scholarship and piousness has earned me respect from the [Root.Religion.GetName] priesthood. The moral authority of the [Root.Religion.GetName] faith has been strengthened.;My scholarship and piousness has earned me respect from the [Root.Religion.GetName] priesthood. The moral authority of the [Root.Religion.GetName] faith has been strengthened.;My scholarship and piousness has earned me respect from the [Root.Religion.GetName] priesthood. The moral authority of the [Root.Religion.GetName] faith has been strengthened.;;;;;;;;x;;;;
EVTDESC190071;The priesthood of [Root.Religion.GetName] complain incessantly about my lack of scholarship and piety. The moral authority of the [Root.Religion.GetName] faith has been weakened as a result.;The priesthood of [Root.Religion.GetName] complain incessantly about my lack of scholarship and piety. The moral authority of the [Root.Religion.GetName] faith has been weakened as a result.;The priesthood of [Root.Religion.GetName] complain incessantly about my lack of scholarship and piety. The moral authority of the [Root.Religion.GetName] faith has been weakened as a result.;;;;;;;;x;;;;
EVTNAME320500;New Farming Techniques;New Farming Techniques;New Farming Techniques;;New Farming Techniques;;;;;;;;;x;;;
EVTDESC320500;With the help of the local aldermen, I have implemented new and improved farming techniques in [Root.Location.GetName].;With the help of the local aldermen, I have implemented new and improved farming techniques in [Root.Location.GetName].;With the help of the local aldermen, I have implemented new and improved farming techniques in [Root.Location.GetName].;;With the help of the local aldermen, I have implemented new and improved farming techniques in [Root.Location.GetName].;;;;;;;;;x;;;
EVTOPTA320500;My liege will be pleased!;My liege will be pleased!;My liege will be pleased!;;My liege will be pleased!;;;;;;;;;x;;;
EVTTOOLTIP320501;Send an letter to my liege;J’envoie une lettre à mon suzerain.;Brief an meinen Lehnsherrn senden;;Envía una carta a mi señor.;;;;;;;;;x
EVTDESC320501;My liege, I bring good news from the province of [From.Location.GetName]. In my research, I have come across new farming techniques which would increase the crop yield of the peasants' fields. With the help of the local aldermen, these techniques have now been implemented across the province.;My liege, I bring good news from the province of [From.Location.GetName]. In my research, I have come across new farming techniques which would increase the crop yield of the peasants' fields. With the help of the local aldermen, these techniques have now been implemented across the province.;My liege, I bring good news from the province of [From.Location.GetName]. In my research, I have come across new farming techniques which would increase the crop yield of the peasants' fields. With the help of the local aldermen, these techniques have now been implemented across the province.;;My liege, I bring good news from the province of [From.Location.GetName]. In my research, I have come across new farming techniques which would increase the crop yield of the peasants' fields. With the help of the local aldermen, these techniques have now been implemented across the province.;;;;;;;;;x;;;
EVTOPTA320501;Excellent!;Excellent !;Ausgezeichnet!;;¡Excelente!;;;;;;;;;x
EVTNAME320502;Peasant Obstructionism;Peasant Obstructionism;Peasant Obstructionism;;Peasant Obstructionism;;;;;;;;;x;;;
EVTDESC320502;My efforts to improve the economy of [From.Location.GetName] have been hindered by peasant obstructionism. They are up in arms for what they see as an intrusion on their traditional rights and a scheme to raise their taxes!;My efforts to improve the economy of [From.Location.GetName] have been hindered by peasant obstructionism. They are up in arms for what they see as an intrusion on their traditional rights and a scheme to raise their taxes!;My efforts to improve the economy of [From.Location.GetName] have been hindered by peasant obstructionism. They are up in arms for what they see as an intrusion on their traditional rights and a scheme to raise their taxes!;;My efforts to improve the economy of [From.Location.GetName] have been hindered by peasant obstructionism. They are up in arms for what they see as an intrusion on their traditional rights and a scheme to raise their taxes!;;;;;;;;;x;;;
EVTOPTA320502;My liege won't be happy...;My liege won't be happy...;My liege won't be happy...;;My liege won't be happy...;;;;;;;;;x;;;
EVTTOOLTIP320503;Send an letter to my liege;J’envoie une lettre à mon suzerain.;Brief an meinen Lehnsherrn senden;;Envía una carta a mi señor.;;;;;;;;;x
EVTDESC320503;My liege, I regret that I must be the bearer of ill news. In my research, I have come across new farming techniques which would increase the crop yield of the peasants' fields. Despite the best of intentions, my attempts to implement these techiques have been met with suspicion and hostility from the local peasants, who are up in arms for what they see as an intrusion on their traditional rights and a scheme to raise their taxes.;My liege, I regret that I must be the bearer of ill news. In my research, I have come across new farming techniques which would increase the crop yield of the peasants' fields. Despite the best of intentions, my attempts to implement these techiques have been met with suspicion and hostility from the local peasants, who are up in arms for what they see as an intrusion on their traditional rights and a scheme to raise their taxes.;My liege, I regret that I must be the bearer of ill news. In my research, I have come across new farming techniques which would increase the crop yield of the peasants' fields. Despite the best of intentions, my attempts to implement these techiques have been met with suspicion and hostility from the local peasants, who are up in arms for what they see as an intrusion on their traditional rights and a scheme to raise their taxes.;;My liege, I regret that I must be the bearer of ill news. In my research, I have come across new farming techniques which would increase the crop yield of the peasants' fields. Despite the best of intentions, my attempts to implement these techiques have been met with suspicion and hostility from the local peasants, who are up in arms for what they see as an intrusion on their traditional rights and a scheme to raise their taxes.;;;;;;;;;x;;;
EVTOPTA320503;Foolish peasants!;Foolish peasants!;Foolish peasants!;;Foolish peasants!;;;;;;;;;x
EVTDESC900000;I have completed my education.;I have completed my education.;I have completed my education.;;I have completed my education.;;;;;;;x;;;;;
EVTOPTA900000;I became an Amateurish Plotter;I became an Amateurish Plotter;I became an Amateurish Plotter;;I became an Amateurish Plotter;;;;;;;x;;;;;
EVTOPTB900000;I became a Flamboyant Schemer;I became a Flamboyant Schemer;I became a Flamboyant Schemer;;I became a Flamboyant Schemer;;;;;;;x;;;;;
EVTOPTC900000;I became a Intricate Webweaver;I became a Intricate Webweaver;I became a Intricate Webweaver;;I became a Intricate Webweaver;;;;;;;x;;;;;
EVTOPTD900000;I became an Elusive Shadow;I became an Elusive Shadow;I became an Elusive Shadow;;I became an Elusive Shadow;;;;;;;x;;;;;
EVTOPTE900000;I became a Naive Appeaser;I became a Naive Appeaser;I became a Naive Appeaser;;I became a Naive Appeaser;;;;;;;x;;;;;
EVTOPTF900000;I became a Gruff Diplomat;I became a Gruff Diplomat;I became a Gruff Diplomat;;I became a Gruff Diplomat;;;;;;;x;;;;;
EVTOPTG900000;I became a Charismatic Negotiatior;I became a Charismatic Negotiatior;I became a Charismatic Negotiatior;;I became a Charismatic Negotiatior;;;;;;;x;;;;;
EVTOPTH900000;I became a Grey Eminence;I became a Grey Eminence;I became a Grey Eminence;;I became a Grey Eminence;;;;;;;x;;;;;
EVTOPTI900000;I became a Indulgent Wastrel;I became a Indulgent Wastrel;I became a Indulgent Wastrel;;I became a Indulgent Wastrel;;;;;;;x;;;;;
EVTOPTJ900000;I became a Thrifty Clerk;I became a Thrifty Clerk;I became a Thrifty Clerk;;I became a Thrifty Clerk;;;;;;;x;;;;;
EVTOPTK900000;I became a Fortune Builder;I became a Fortune Builder;I became a Fortune Builder;;I became a Fortune Builder;;;;;;;x;;;;;
EVTOPTL900000;I became Midas Touched;I became Midas Touched;I became Midas Touched;;I became Midas Touched;;;;;;;x;;;;;
EVTOPTM900000;I became a Misguided Warrior;I became a Misguided Warrior;I became a Misguided Warrior;;I became a Misguided Warrior;;;;;;;x;;;;;
EVTOPTN900000;I became a Tough Soldier;I became a Tough Soldier;I became a Tough Soldier;;I became a Tough Soldier;;;;;;;x;;;;;
EVTOPTO900000;I became a Skilled Tactician;I became a Skilled Tactician;I became a Skilled Tactician;;I became a Skilled Tactician;;;;;;;x;;;;;
EVTOPTP900000;I became a Brilliant Strategist;I became a Brilliant Strategist;I became a Brilliant Strategist;;I became a Brilliant Strategist;;;;;;;x;;;;;
EVTOPTQ900000;I became a Detached Priest;I became a Detached Priest;I became a Detached Priest;;I became a Detached Priest;;;;;;;x;;;;;
EVTOPTR900000;I became a Dutiful Cleric;I became a Dutiful Cleric;I became a Dutiful Cleric;;I became a Dutiful Cleric;;;;;;;x;;;;;
EVTOPTS900000;I became a Scholarly Theologian;I became a Scholarly Theologian;I became a Scholarly Theologian;;I became a Scholarly Theologian;;;;;;;x;;;;;
EVTOPTT900000;I became a Mastermind Theologian;I became a Mastermind Theologian;I became a Mastermind Theologian;;I became a Mastermind Theologian;;;;;;;x;;;;;
EVTDESC900001;I am now of legal age.;I am now of legal age.;I am now of legal age.;;I am now of legal age.;;;;;;;x;;;;;
EVTDESC900002;My [GetFromRelation] [From.GetTitledFirstName] is now of legal age.;My [GetFromRelation] [From.GetTitledFirstName] is now of legal age.;My [GetFromRelation] [From.GetTitledFirstName] is now of legal age.;;My [GetFromRelation] [From.GetTitledFirstName] is now of legal age.;;;;;;;x;;;;;
EVTOPTA900002;[From.GetSheHeCap] became an Amateurish Plotter;[From.GetSheHeCap] became an Amateurish Plotter;[From.GetSheHeCap] became an Amateurish Plotter;;[From.GetSheHeCap] became an Amateurish Plotter;;;;;;;x;;;;;
EVTOPTB900002;[From.GetSheHeCap] became a Flamboyant Schemer;[From.GetSheHeCap] became a Flamboyant Schemer;[From.GetSheHeCap] became a Flamboyant Schemer;;[From.GetSheHeCap] became a Flamboyant Schemer;;;;;;;x;;;;;
EVTOPTC900002;[From.GetSheHeCap] became a Intricate Webweaver;[From.GetSheHeCap] became a Intricate Webweaver;[From.GetSheHeCap] became a Intricate Webweaver;;[From.GetSheHeCap] became a Intricate Webweaver;;;;;;;x;;;;;
EVTOPTD900002;[From.GetSheHeCap] became an Elusive Shadow;[From.GetSheHeCap] became an Elusive Shadow;[From.GetSheHeCap] became an Elusive Shadow;;[From.GetSheHeCap] became an Elusive Shadow;;;;;;;x;;;;;
EVTOPTE900002;[From.GetSheHeCap] became a Naive Appeaser;[From.GetSheHeCap] became a Naive Appeaser;[From.GetSheHeCap] became a Naive Appeaser;;[From.GetSheHeCap] became a Naive Appeaser;;;;;;;x;;;;;
EVTOPTF900002;[From.GetSheHeCap] became a Gruff Diplomat;[From.GetSheHeCap] became a Gruff Diplomat;[From.GetSheHeCap] became a Gruff Diplomat;;[From.GetSheHeCap] became a Gruff Diplomat;;;;;;;x;;;;;
EVTOPTG900002;[From.GetSheHeCap] became a Charismatic Negotiatior;[From.GetSheHeCap] became a Charismatic Negotiatior;[From.GetSheHeCap] became a Charismatic Negotiatior;;[From.GetSheHeCap] became a Charismatic Negotiatior;;;;;;;x;;;;;
EVTOPTH900002;[From.GetSheHeCap] became a Grey Eminence;[From.GetSheHeCap] became a Grey Eminence;[From.GetSheHeCap] became a Grey Eminence;;[From.GetSheHeCap] became a Grey Eminence;;;;;;;x;;;;;
EVTOPTI900002;[From.GetSheHeCap] became a Indulgent Wastrel;[From.GetSheHeCap] became a Indulgent Wastrel;[From.GetSheHeCap] became a Indulgent Wastrel;;[From.GetSheHeCap] became a Indulgent Wastrel;;;;;;;x;;;;;
EVTOPTJ900002;[From.GetSheHeCap] became a Thrifty Clerk;[From.GetSheHeCap] became a Thrifty Clerk;[From.GetSheHeCap] became a Thrifty Clerk;;[From.GetSheHeCap] became a Thrifty Clerk;;;;;;;x;;;;;
EVTOPTK900002;[From.GetSheHeCap] became a Fortune Builder;[From.GetSheHeCap] became a Fortune Builder;[From.GetSheHeCap] became a Fortune Builder;;[From.GetSheHeCap] became a Fortune Builder;;;;;;;x;;;;;
EVTOPTL900002;[From.GetSheHeCap] became Midas Touched;[From.GetSheHeCap] became Midas Touched;[From.GetSheHeCap] became Midas Touched;;[From.GetSheHeCap] became Midas Touched;;;;;;;x;;;;;
EVTOPTM900002;[From.GetSheHeCap] became a Misguided Warrior;[From.GetSheHeCap] became a Misguided Warrior;[From.GetSheHeCap] became a Misguided Warrior;;[From.GetSheHeCap] became a Misguided Warrior;;;;;;;x;;;;;
EVTOPTN900002;[From.GetSheHeCap] became a Tough Soldier;[From.GetSheHeCap] became a Tough Soldier;[From.GetSheHeCap] became a Tough Soldier;;[From.GetSheHeCap] became a Tough Soldier;;;;;;;x;;;;;
EVTOPTO900002;[From.GetSheHeCap] became a Skilled Tactician;[From.GetSheHeCap] became a Skilled Tactician;[From.GetSheHeCap] became a Skilled Tactician;;[From.GetSheHeCap] became a Skilled Tactician;;;;;;;x;;;;;
EVTOPTP900002;[From.GetSheHeCap] became a Brilliant Strategist;[From.GetSheHeCap] became a Brilliant Strategist;[From.GetSheHeCap] became a Brilliant Strategist;;[From.GetSheHeCap] became a Brilliant Strategist;;;;;;;x;;;;;
EVTOPTQ900002;[From.GetSheHeCap] became a Detached Priest;[From.GetSheHeCap] became a Detached Priest;[From.GetSheHeCap] became a Detached Priest;;[From.GetSheHeCap] became a Detached Priest;;;;;;;x;;;;;
EVTOPTR900002;[From.GetSheHeCap] became a Dutiful Cleric;[From.GetSheHeCap] became a Dutiful Cleric;[From.GetSheHeCap] became a Dutiful Cleric;;[From.GetSheHeCap] became a Dutiful Cleric;;;;;;;x;;;;;
EVTOPTS900002;[From.GetSheHeCap] became a Scholarly Theologian;[From.GetSheHeCap] became a Scholarly Theologian;[From.GetSheHeCap] became a Scholarly Theologian;;[From.GetSheHeCap] became a Scholarly Theologian;;;;;;;x;;;;;
EVTOPTT900002;[From.GetSheHeCap] became a Mastermind Theologian;[From.GetSheHeCap] became a Mastermind Theologian;[From.GetSheHeCap] became a Mastermind Theologian;;[From.GetSheHeCap] became a Mastermind Theologian;;;;;;;x;;;;;
EVTDESC38000;Even in death, I cannot escape the moneylenders!;Even in death, I cannot escape the moneylenders!;Even in death, I cannot escape the moneylenders!;;Even in death, I cannot escape the moneylenders!;;;;;;;x;;;;;
EVTOPTA38000;They will surely seek repayment from my heir;They will surely seek repayment from my heir;They will surely seek repayment from my heir;;They will surely seek repayment from my heir;;;;;;;x;;;;;
EVTTOOLTIP38001;The moneylenders will soon pay a visit;The moneylenders will soon pay a visit;The moneylenders will soon pay a visit;;The moneylenders will soon pay a visit;;;;;;;x;;;;;
EVTDESC38001;The moneylenders are here, seeking repayment for [From.GetTitledFirstName]'s debts.;The moneylenders are here, seeking repayment for [From.GetTitledFirstName]'s debts.;The moneylenders are here, seeking repayment for [From.GetTitledFirstName]'s debts.;;The moneylenders are here, seeking repayment for [From.GetTitledFirstName]'s debts.;;;;;;;x;;;;;
EVTOPTA38001;They will have their 62 gold;They will have their 62 gold;They will have their 62 gold;;They will have their 62 gold;;;;;;;x;;;;;
EVTOPTB38001;They will have their 125 gold;They will have their 125 gold;They will have their 125 gold;;They will have their 125 gold;;;;;;;x;;;;;
EVTOPTC38001;They will get their 250 gold;They will have their 250 gold;They will have their 250 gold;;They will have their 250 gold;;;;;;;x;;;;;
EVTOPTD38001;They will have their 500 gold;They will have their 500 gold;They will have their 500 gold;;They will have their 500 gold;;;;;;;x;;;;;
EVTOPTE38001;They will have their 750 gold;They will have their 750 gold;They will have their 750 gold;;They will have their 750 gold;;;;;;;x;;;;;
EVTOPTF38001;They will have their 1000 gold;They will have their 1000 gold;They will have their 1000 gold;;They will have their 1000 gold;;;;;;;x;;;;;
EVTOPTG38001;They will have their 1250 gold;They will have their 1250 gold;They will have their 1250 gold;;They will have their 1250 gold;;;;;;;x;;;;;
EVTOPTH38001;I owe them nothing!;I owe them nothing!;I owe them nothing!;;I owe them nothing!;;;;;;;x;;;;;
EVTTOOLTIP38002C;The debt will be due in five years;The debt will be due in five years;The debt will be due in five years;;The debt will be due in five years;;;;;;;x;;;;;
EVTOPTA38002;I have the money right here;I have the money right here;I have the money right here;;I have the money right here;;;;;;;x;;;;;
EVTOPTB38002;I do not have the full amount, but I will pay the interest;I do not have the full amount, but I will pay the interest;I do not have the full amount, but I will pay the interest;;I do not have the full amount, but I will pay the interest;;;;;;;x;;;;;
EVTOPTC38002;I need more time to raise funds;I need more time to raise funds;I need more time to raise funds;;I need more time to raise funds;;;;;;;x;;;;;
EVTOPTD38002;You shall not have a single coin from me!;You shall not have a single coin from me!;You shall not have a single coin from me!;;You shall not have a single coin from me!;;;;;;;x;;;;;
EVTTOOLTIP38002;Take a five-year loan at 25% interest;Contractez un emprunt sur cinq ans à un taux d’intérêt de 25%.;Ein Fünfjahresdarlehen zu 25% Zinsen aufnehmen;;Coge un préstamo de cinco años al 25% de interés;;;;;;;;;x
EVTTOOLTIP38002B;The loan will be extended for five years;The loan will be extended for five years;The loan will be extended for five years;;The loan will be extended for five years;;;;;;;;;x